AÑO,MES,PRODUCTO,CANTIDADCOMPRA,predicted
2023,1,APOSITO DE FIBRAS DE POLIACRILATO C/PLATA-3,890,1110.0
2023,1,SOLUCION P/ LIMPIEZA Y DESCONTAMINACION DE HERIDAS-16,1380,1427.060111719152
2023,1,APOSITO DE HIDROFIBRA  / CINTA-18,575,384.368227244904
2023,1,APOSITO DE ESPUMA POLIURETANO / SACRO-11,100,159.4302580531862
2023,1,APOSITO C/ CARBON Y PLATA-6,1800,2181.2500000000005
2023,1,APOSITO DE FIBRAS DE POLIACRILATO-3,170,645.9915999115254
2023,1,APOSITO MALLADO C/ PARAFINA-39,2220,2154.265686850666
2023,1,APOSITO DE HIDROFIBRA DE HIDROCOLOIDE C/ ESPUMA POLIURETANO-12,8330,7335.156472451399
2023,1,APOSITO DE HIDROFIBRA DE HIDROCOLOIDE C/ PLATA-3,2215,2504.8958146594764
2023,1,APÓSITO ADHESIVO ABSORBENTE IMPERMEABLE C/ BOLSA-21,0,-7.228023607316799e-181
2023,1,APOSITO DE HIDROCOLOIDE-9,3624,3015.303212348934
2023,1,APOSITO DE HIDROCOLOIDE-7,495,386.3250152614565
2023,1,APOSITO DE HIDROCOLOIDE C/ PLATA-2,0,0.03546366968429858
2023,1,APOSITO DE ESPUMA POLIURETANO-8,860,566.632301593704
2023,1,APÓSITO ABSORBENTE C/ ADHESIVO-22,11520,10297.308307578116
2023,1,APÓSITO ABSORBENTE C/ ADHESIVO-23,1680,3055.316484848861
2023,1,HIDROGEL-37,520,1698.2499273740664
2023,1,APOSITO MALLADO C/ PARAFINA-38,3260,3155.727175560326
2023,1,APÓSITO MALLADO C/ OLIGOSACÁRIDOS-1,470,309.8712789721251
2023,1,ELIMINADOR DE ADHESIVOS MEDICOS DE LA PIEL-17,168,130.9656613640217
2023,1,APOSITO DE FIBRAS DE POLIACRILATO C/PLATA-6,1970,1561.0348893398707
2023,1,GEL P/ LIMPIEZA  Y DESCONTAMINACION DE HERIDAS-15,95,64.73690186134354
2023,1,EQ. DE PRESION NEGATIVA / Espuma de poliuretano-32,50,94.27708696158287
2023,1,APOSITO DE HIDROFIBRA HIDROCOLOIDE P/ BOMBA DE UN SOLO USO-26,0,13.753573044849066
2023,1,APOSITO DE HIDROFIBRA DE HIDROCOLOIDE C/ ESPUMA POLIURETANO-10,1900,2055.241104179276
2023,1,APÓSITO DE ESPUMA DE POLIURETANO Y POLIACRILATO CON SILICONA-14,5550,4565.645780261395
2023,1,APOSITO ESPUMA DE POLIVINILO ALCOHOL  P/ TERAPIA CONVENCIONAL PRESION NEGATIVA-34,30,16.125037704103324
2023,1,BOMBA DE UN SOLO USO / TERAPIA PRESIÓN NEGATIVA-40,25,31.83857682061939
2023,1,APOSITO MALLADO C/ SILICONA-0,210,511.4706775449388
2023,1,APOSITO C/ CARBON Y PLATA-4,1220,1466.5673890532034
2023,1,APOSITO PARA PEQUEÑAS HERIDAS REDONDO-19,14000,14445.516006631715
2023,1,APOSITO DE HIDROCOLOIDE-3,415,674.050188767557
2023,1,EQ. DE PRESION NEGATIVA / Espuma de poliuretano-36,35,69.51680391590233
2023,1,EQ. DE PRESION NEGATIVA / Espuma de poliuretano con plata-35,50,31.821095102378894
2023,1,EQ. DE PRESIÓN NEGATIVA ABDOMINAL-29,16,9.039081588911522
2023,1,APÓSITO TRANSPARENTE ADHESIVO-24,5000,8645.057309403408
2023,1,APOSITO DE ALGINATO C/ PLATA-6,110,190.3590014559051
2023,1,BOMBA DE UN SOLO USO / TERAPIA PRESIÓN NEGATIVA C/ APOSITO-27,4,3.864523909120944
2023,1,APOSITO DE HIDROCOLOIDE-6,610,1404.8303046172623
2023,1,APÓSITO DE ESPUMA DE POLIURETANO C/ SILICONA-3,1560,1698.978228445578
2023,1,APÓSITO DE ESPUMA DE POLIURETANO Y POLIACRILATO CON SILICONA-13,340,360.83694325273706
2023,1,TIRA DE GASA ORILLADA TAPONAMIENTOS ESTERIL 1cm.-30,350,262.80615241506484
2023,1,APÓSITO TRANSPARENTE ADHESIVO-20,3100,2508.454168684491
2023,1,APOSITO ABSORBENTE S/ ADHESIVO-25,200,261.0360252605267
2023,1,BOMBA DE UN SOLO USO / TERAPIA PRESIÓN NEGATIVA C/ APOSITO-28,0,1.7153617155560195
2023,1,TIRA DE GASA ORILLADA TAPONAMIENTOS ESTERIL 2cm.-31,0,178.64583333333334
2023,1,EQ. DE PRESION NEGATIVA CON INSTILACIÓN-33,0,3.7916907188124243
2023,2,APOSITO DE FIBRAS DE POLIACRILATO C/PLATA-3,1040,1110.0
2023,2,SOLUCION P/ LIMPIEZA Y DESCONTAMINACION DE HERIDAS-16,1220,1619.7484055587925
2023,2,APOSITO DE HIDROFIBRA  / CINTA-18,625,404.40187478328346
2023,2,APOSITO DE ESPUMA POLIURETANO / SACRO-11,200,159.4302580531862
2023,2,APOSITO C/ CARBON Y PLATA-6,3000,2181.2500000000005
2023,2,APOSITO DE FIBRAS DE POLIACRILATO-3,1520,645.9915999115254
2023,2,APOSITO MALLADO C/ PARAFINA-39,1690,2161.4435913798334
2023,2,APOSITO DE HIDROFIBRA DE HIDROCOLOIDE C/ ESPUMA POLIURETANO-12,13180,8148.2924085434415
2023,2,APOSITO DE HIDROFIBRA DE HIDROCOLOIDE C/ PLATA-3,4295,2504.8958146594764
2023,2,APÓSITO ADHESIVO ABSORBENTE IMPERMEABLE C/ BOLSA-21,0,-2.977918855464835e-183
2023,2,APOSITO DE HIDROCOLOIDE-9,3309,3033.720601325741
2023,2,APOSITO DE HIDROCOLOIDE-7,590,370.7211488141346
2023,2,APOSITO DE HIDROCOLOIDE C/ PLATA-2,0,0.028247891764033237
2023,2,APOSITO DE ESPUMA POLIURETANO-8,400,441.561628135652
2023,2,APÓSITO ABSORBENTE C/ ADHESIVO-22,11520,10297.308307578116
2023,2,APÓSITO ABSORBENTE C/ ADHESIVO-23,6160,3330.653141922856
2023,2,HIDROGEL-37,3230,1544.4200223764694
2023,2,APOSITO MALLADO C/ PARAFINA-38,3430,3077.5604287640463
2023,2,APÓSITO MALLADO C/ OLIGOSACÁRIDOS-1,440,313.16542875329196
2023,2,ELIMINADOR DE ADHESIVOS MEDICOS DE LA PIEL-17,192,132.42459846379438
2023,2,APOSITO DE FIBRAS DE POLIACRILATO C/PLATA-6,1750,1465.4304953396377
2023,2,GEL P/ LIMPIEZA  Y DESCONTAMINACION DE HERIDAS-15,35,65.41877722767966
2023,2,EQ. DE PRESION NEGATIVA / Espuma de poliuretano-32,55,95.31855000823518
2023,2,APOSITO DE HIDROFIBRA HIDROCOLOIDE P/ BOMBA DE UN SOLO USO-26,15,13.908438412183342
2023,2,APOSITO DE HIDROFIBRA DE HIDROCOLOIDE C/ ESPUMA POLIURETANO-10,3470,2077.198797896962
2023,2,APÓSITO DE ESPUMA DE POLIURETANO Y POLIACRILATO CON SILICONA-14,6990,4565.645780261395
2023,2,APOSITO ESPUMA DE POLIVINILO ALCOHOL  P/ TERAPIA CONVENCIONAL PRESION NEGATIVA-34,20,25.871466254052862
2023,2,BOMBA DE UN SOLO USO / TERAPIA PRESIÓN NEGATIVA-40,13,80.02874120525539
2023,2,APOSITO MALLADO C/ SILICONA-0,700,455.9336743041126
2023,2,APOSITO C/ CARBON Y PLATA-4,3360,1546.5654537562145
2023,2,APOSITO PARA PEQUEÑAS HERIDAS REDONDO-19,15000,8517.93394410459
2023,2,APOSITO DE HIDROCOLOIDE-3,1365,680.7247057639395
2023,2,EQ. DE PRESION NEGATIVA / Espuma de poliuretano-36,90,70.27046807042875
2023,2,EQ. DE PRESION NEGATIVA / Espuma de poliuretano con plata-35,30,24.54987570007357
2023,2,EQ. DE PRESIÓN NEGATIVA ABDOMINAL-29,11,9.144493398503702
2023,2,APÓSITO TRANSPARENTE ADHESIVO-24,8300,7954.100798147345
2023,2,APOSITO DE ALGINATO C/ PLATA-6,200,272.49840361249244
2023,2,BOMBA DE UN SOLO USO / TERAPIA PRESIÓN NEGATIVA C/ APOSITO-27,26,5.1833826317202245
2023,2,APOSITO DE HIDROCOLOIDE-6,2410,1255.8632290820924
2023,2,APÓSITO DE ESPUMA DE POLIURETANO C/ SILICONA-3,3030,1698.978228445578
2023,2,APÓSITO DE ESPUMA DE POLIURETANO Y POLIACRILATO CON SILICONA-13,640,533.8881881756773
2023,2,TIRA DE GASA ORILLADA TAPONAMIENTOS ESTERIL 1cm.-30,700,189.38432329514825
2023,2,APÓSITO TRANSPARENTE ADHESIVO-20,3050,2619.4432236996313
2023,2,APOSITO ABSORBENTE S/ ADHESIVO-25,400,239.35019537308523
2023,2,BOMBA DE UN SOLO USO / TERAPIA PRESIÓN NEGATIVA C/ APOSITO-28,2,1.1917810402419173
2023,2,TIRA DE GASA ORILLADA TAPONAMIENTOS ESTERIL 2cm.-31,700,178.64583333333334
2023,2,EQ. DE PRESION NEGATIVA CON INSTILACIÓN-33,0,1.7432943979416877
2023,3,APOSITO DE FIBRAS DE POLIACRILATO C/PLATA-3,1070,1110.0
2023,3,SOLUCION P/ LIMPIEZA Y DESCONTAMINACION DE HERIDAS-16,1600,1428.0756614963489
2023,3,APOSITO DE HIDROFIBRA  / CINTA-18,640,414.28370214187595
2023,3,APOSITO DE ESPUMA POLIURETANO / SACRO-11,0,159.4302580531862
2023,3,APOSITO C/ CARBON Y PLATA-6,2700,2181.2500000000005
2023,3,APOSITO DE FIBRAS DE POLIACRILATO-3,340,645.9915999115254
2023,3,APOSITO MALLADO C/ PARAFINA-39,1710,2170.5135902380293
2023,3,APOSITO DE HIDROFIBRA DE HIDROCOLOIDE C/ ESPUMA POLIURETANO-12,4620,7454.093418689796
2023,3,APOSITO DE HIDROFIBRA DE HIDROCOLOIDE C/ PLATA-3,1730,2504.8958146594764
2023,3,APÓSITO ADHESIVO ABSORBENTE IMPERMEABLE C/ BOLSA-21,0,-1.2475237757333438e-181
2023,3,APOSITO DE HIDROCOLOIDE-9,2685,3052.137990302548
2023,3,APOSITO DE HIDROCOLOIDE-7,130,372.06295203942426
2023,3,APOSITO DE HIDROCOLOIDE C/ PLATA-2,0,0.029716083055518268
2023,3,APOSITO DE ESPUMA POLIURETANO-8,850,518.2580475758192
2023,3,APÓSITO ABSORBENTE C/ ADHESIVO-22,10240,10297.308307578116
2023,3,APÓSITO ABSORBENTE C/ ADHESIVO-23,3360,3330.653141922856
2023,3,HIDROGEL-37,980,1685.1986118628156
2023,3,APOSITO MALLADO C/ PARAFINA-38,3250,3099.7201607248044
2023,3,APÓSITO MALLADO C/ OLIGOSACÁRIDOS-1,130,316.45957853445884
2023,3,ELIMINADOR DE ADHESIVOS MEDICOS DE LA PIEL-17,216,133.88353556356705
2023,3,APOSITO DE FIBRAS DE POLIACRILATO C/PLATA-6,1320,1553.3879161576876
2023,3,GEL P/ LIMPIEZA  Y DESCONTAMINACION DE HERIDAS-15,53,66.10065259401577
2023,3,EQ. DE PRESION NEGATIVA / Espuma de poliuretano-32,115,96.36001305488749
2023,3,APOSITO DE HIDROFIBRA HIDROCOLOIDE P/ BOMBA DE UN SOLO USO-26,0,14.063303779517618
2023,3,APOSITO DE HIDROFIBRA DE HIDROCOLOIDE C/ ESPUMA POLIURETANO-10,1230,2099.1564916146476
2023,3,APÓSITO DE ESPUMA DE POLIURETANO Y POLIACRILATO CON SILICONA-14,2730,4565.645780261395
2023,3,APOSITO ESPUMA DE POLIVINILO ALCOHOL  P/ TERAPIA CONVENCIONAL PRESION NEGATIVA-34,20,20.373289611935594
2023,3,BOMBA DE UN SOLO USO / TERAPIA PRESIÓN NEGATIVA-40,9,1.214094927333747
2023,3,APOSITO MALLADO C/ SILICONA-0,840,409.3917098346218
2023,3,APOSITO C/ CARBON Y PLATA-4,150,1620.3294467600404
2023,3,APOSITO PARA PEQUEÑAS HERIDAS REDONDO-19,6000,9734.408783690084
2023,3,APOSITO DE HIDROCOLOIDE-3,255,680.7247057639395
2023,3,EQ. DE PRESION NEGATIVA / Espuma de poliuretano-36,90,71.02413222495517
2023,3,EQ. DE PRESION NEGATIVA / Espuma de poliuretano con plata-35,35,32.413342850238024
2023,3,EQ. DE PRESIÓN NEGATIVA ABDOMINAL-29,22,9.249905208095882
2023,3,APÓSITO TRANSPARENTE ADHESIVO-24,5500,8227.685452287082
2023,3,APOSITO DE ALGINATO C/ PLATA-6,60,176.20872996866643
2023,3,BOMBA DE UN SOLO USO / TERAPIA PRESIÓN NEGATIVA C/ APOSITO-27,7,4.2477616417045425
2023,3,APOSITO DE HIDROCOLOIDE-6,0,1287.3476721432507
2023,3,APÓSITO DE ESPUMA DE POLIURETANO C/ SILICONA-3,210,1698.978228445578
2023,3,APÓSITO DE ESPUMA DE POLIURETANO Y POLIACRILATO CON SILICONA-13,970,467.47497166713583
2023,3,TIRA DE GASA ORILLADA TAPONAMIENTOS ESTERIL 1cm.-30,350,171.24244728345172
2023,3,APÓSITO TRANSPARENTE ADHESIVO-20,1600,2587.9818484328684
2023,3,APOSITO ABSORBENTE S/ ADHESIVO-25,0,243.58162290278958
2023,3,BOMBA DE UN SOLO USO / TERAPIA PRESIÓN NEGATIVA C/ APOSITO-28,2,2.471394484221404
2023,3,TIRA DE GASA ORILLADA TAPONAMIENTOS ESTERIL 2cm.-31,0,178.64583333333334
2023,3,EQ. DE PRESION NEGATIVA CON INSTILACIÓN-33,5,1.9892023433610602
2023,4,APOSITO DE FIBRAS DE POLIACRILATO C/PLATA-3,930,1110.0
2023,4,SOLUCION P/ LIMPIEZA Y DESCONTAMINACION DE HERIDAS-16,1430,1674.7940678245288
2023,4,APOSITO DE HIDROFIBRA  / CINTA-18,485,495.15051680530166
2023,4,APOSITO DE ESPUMA POLIURETANO / SACRO-11,100,159.4302580531862
2023,4,APOSITO C/ CARBON Y PLATA-6,600,2181.2500000000005
2023,4,APOSITO DE FIBRAS DE POLIACRILATO-3,300,645.9915999115254
2023,4,APOSITO MALLADO C/ PARAFINA-39,1720,2171.894136657101
2023,4,APOSITO DE HIDROFIBRA DE HIDROCOLOIDE C/ ESPUMA POLIURETANO-12,7680,7872.4096093263215
2023,4,APOSITO DE HIDROFIBRA DE HIDROCOLOIDE C/ PLATA-3,1895,2504.8958146594764
2023,4,APÓSITO ADHESIVO ABSORBENTE IMPERMEABLE C/ BOLSA-21,0,-3.13825517122457e-181
2023,4,APOSITO DE HIDROCOLOIDE-9,2358,3070.5553792793553
2023,4,APOSITO DE HIDROCOLOIDE-7,200,367.4729686539359
2023,4,APOSITO DE HIDROCOLOIDE C/ PLATA-2,0,0.02941735079238437
2023,4,APOSITO DE ESPUMA POLIURETANO-8,200,500.1463226378684
2023,4,APÓSITO ABSORBENTE C/ ADHESIVO-22,7040,10297.308307578116
2023,4,APÓSITO ABSORBENTE C/ ADHESIVO-23,1680,3330.653141922856
2023,4,HIDROGEL-37,1080,1583.0938542526271
2023,4,APOSITO MALLADO C/ PARAFINA-38,2290,3093.438030014511
2023,4,APÓSITO MALLADO C/ OLIGOSACÁRIDOS-1,0,319.7537283156257
2023,4,ELIMINADOR DE ADHESIVOS MEDICOS DE LA PIEL-17,96,135.34247266333972
2023,4,APOSITO DE FIBRAS DE POLIACRILATO C/PLATA-6,990,1553.7030283607198
2023,4,GEL P/ LIMPIEZA  Y DESCONTAMINACION DE HERIDAS-15,26,66.78252796035189
2023,4,EQ. DE PRESION NEGATIVA / Espuma de poliuretano-32,50,97.4014761015398
2023,4,APOSITO DE HIDROFIBRA HIDROCOLOIDE P/ BOMBA DE UN SOLO USO-26,25,14.218169146851894
2023,4,APOSITO DE HIDROFIBRA DE HIDROCOLOIDE C/ ESPUMA POLIURETANO-10,2080,2121.1141853323334
2023,4,APÓSITO DE ESPUMA DE POLIURETANO Y POLIACRILATO CON SILICONA-14,4350,4565.645780261395
2023,4,APOSITO ESPUMA DE POLIVINILO ALCOHOL  P/ TERAPIA CONVENCIONAL PRESION NEGATIVA-34,0,22.725487177068622
2023,4,BOMBA DE UN SOLO USO / TERAPIA PRESIÓN NEGATIVA-40,32,33.08949187440297
2023,4,APOSITO MALLADO C/ SILICONA-0,770,391.3831483783133
2023,4,APOSITO C/ CARBON Y PLATA-4,0,1185.8292922989237
2023,4,APOSITO PARA PEQUEÑAS HERIDAS REDONDO-19,5000,9734.408783690084
2023,4,APOSITO DE HIDROCOLOIDE-3,0,680.7247057639395
2023,4,EQ. DE PRESION NEGATIVA / Espuma de poliuretano-36,55,71.77779637948159
2023,4,EQ. DE PRESION NEGATIVA / Espuma de poliuretano con plata-35,40,30.271910821470946
2023,4,EQ. DE PRESIÓN NEGATIVA ABDOMINAL-29,5,9.355317017688062
2023,4,APÓSITO TRANSPARENTE ADHESIVO-24,3600,8119.359440792241
2023,4,APOSITO DE ALGINATO C/ PLATA-6,110,167.48662600871558
2023,4,BOMBA DE UN SOLO USO / TERAPIA PRESIÓN NEGATIVA C/ APOSITO-27,14,4.911507213506702
2023,4,APOSITO DE HIDROCOLOIDE-6,300,1280.6933819162984
2023,4,APÓSITO DE ESPUMA DE POLIURETANO C/ SILICONA-3,810,1698.978228445578
2023,4,APÓSITO DE ESPUMA DE POLIURETANO Y POLIACRILATO CON SILICONA-13,450,503.05707637030434
2023,4,TIRA DE GASA ORILLADA TAPONAMIENTOS ESTERIL 1cm.-30,0,163.33816771537042
2023,4,APÓSITO TRANSPARENTE ADHESIVO-20,900,2596.9000082779185
2023,4,APOSITO ABSORBENTE S/ ADHESIVO-25,0,243.58162290278958
2023,4,BOMBA DE UN SOLO USO / TERAPIA PRESIÓN NEGATIVA C/ APOSITO-28,19,3.0303026517371823
2023,4,TIRA DE GASA ORILLADA TAPONAMIENTOS ESTERIL 2cm.-31,0,178.64583333333334
2023,4,EQ. DE PRESION NEGATIVA CON INSTILACIÓN-33,0,2.8018725087563556
2023,6,APOSITO DE FIBRAS DE POLIACRILATO C/PLATA-3,1460,1110.0
2023,6,SOLUCION P/ LIMPIEZA Y DESCONTAMINACION DE HERIDAS-16,1550,1637.8567986638927
2023,6,APOSITO DE HIDROFIBRA  / CINTA-18,560,529.1312279786603
2023,6,APOSITO DE ESPUMA POLIURETANO / SACRO-11,100,159.4302580531862
2023,6,APOSITO C/ CARBON Y PLATA-6,3600,2181.2500000000005
2023,6,APOSITO DE FIBRAS DE POLIACRILATO-3,500,645.9915999115254
2023,6,APOSITO MALLADO C/ PARAFINA-39,3630,2171.894136657101
2023,6,APOSITO DE HIDROFIBRA DE HIDROCOLOIDE C/ ESPUMA POLIURETANO-12,6710,8278.29692030081
2023,6,APOSITO DE HIDROFIBRA DE HIDROCOLOIDE C/ PLATA-3,2050,2504.8958146594764
2023,6,APÓSITO ADHESIVO ABSORBENTE IMPERMEABLE C/ BOLSA-21,0,-1.105723156196792e-181
2023,6,APOSITO DE HIDROCOLOIDE-9,3729,3107.3901572329696
2023,6,APOSITO DE HIDROCOLOIDE-7,475,370.75963276868606
2023,6,APOSITO DE HIDROCOLOIDE C/ PLATA-2,0,0.02946576624336444
2023,6,APOSITO DE ESPUMA POLIURETANO-8,600,500.1463226378684
2023,6,APÓSITO ABSORBENTE C/ ADHESIVO-22,10880,10297.308307578116
2023,6,APÓSITO ABSORBENTE C/ ADHESIVO-23,2800,3330.653141922856
2023,6,HIDROGEL-37,2060,1614.280636993481
2023,6,APOSITO MALLADO C/ PARAFINA-38,4060,3094.714086272568
2023,6,APÓSITO MALLADO C/ OLIGOSACÁRIDOS-1,110,326.3420278779595
2023,6,ELIMINADOR DE ADHESIVOS MEDICOS DE LA PIEL-17,240,138.26034686288506
2023,6,APOSITO DE FIBRAS DE POLIACRILATO C/PLATA-6,1660,1548.4675715269266
2023,6,GEL P/ LIMPIEZA  Y DESCONTAMINACION DE HERIDAS-15,108,68.14627869302412
2023,6,EQ. DE PRESION NEGATIVA / Espuma de poliuretano-32,60,99.48440219484442
2023,6,APOSITO DE HIDROFIBRA HIDROCOLOIDE P/ BOMBA DE UN SOLO USO-26,25,14.527899881520446
2023,6,APOSITO DE HIDROFIBRA DE HIDROCOLOIDE C/ ESPUMA POLIURETANO-10,2350,2165.029572767705
2023,6,APÓSITO DE ESPUMA DE POLIURETANO Y POLIACRILATO CON SILICONA-14,4740,4565.645780261395
2023,6,APOSITO ESPUMA DE POLIVINILO ALCOHOL  P/ TERAPIA CONVENCIONAL PRESION NEGATIVA-34,20,22.015590472985807
2023,6,BOMBA DE UN SOLO USO / TERAPIA PRESIÓN NEGATIVA-40,10,10.019317015362738
2023,6,APOSITO MALLADO C/ SILICONA-0,1540,373.86758880111097
2023,6,APOSITO C/ CARBON Y PLATA-4,490,1282.6031773040345
2023,6,APOSITO PARA PEQUEÑAS HERIDAS REDONDO-19,1000,9734.408783690084
2023,6,APOSITO DE HIDROCOLOIDE-3,215,680.7247057639395
2023,6,EQ. DE PRESION NEGATIVA / Espuma de poliuretano-36,30,73.28512468853442
2023,6,EQ. DE PRESION NEGATIVA / Espuma de poliuretano con plata-35,0,36.267394981201676
2023,6,EQ. DE PRESIÓN NEGATIVA ABDOMINAL-29,6,9.566140636872422
2023,6,APÓSITO TRANSPARENTE ADHESIVO-24,12900,8145.268176481307
2023,6,APOSITO DE ALGINATO C/ PLATA-6,300,118.39084545093775
2023,6,BOMBA DE UN SOLO USO / TERAPIA PRESIÓN NEGATIVA C/ APOSITO-27,46,4.774679741519837
2023,6,APOSITO DE HIDROCOLOIDE-6,1020,1281.802533336133
2023,6,APÓSITO DE ESPUMA DE POLIURETANO C/ SILICONA-3,1800,1698.978228445578
2023,6,APÓSITO DE ESPUMA DE POLIURETANO Y POLIACRILATO CON SILICONA-13,630,505.8390627316315
2023,6,TIRA DE GASA ORILLADA TAPONAMIENTOS ESTERIL 1cm.-30,0,158.39387896002404
2023,6,APÓSITO TRANSPARENTE ADHESIVO-20,2750,2595.0886224748338
2023,6,APOSITO ABSORBENTE S/ ADHESIVO-25,200,243.58162290278958
2023,6,BOMBA DE UN SOLO USO / TERAPIA PRESIÓN NEGATIVA C/ APOSITO-28,33,2.7584384691924684
2023,6,TIRA DE GASA ORILLADA TAPONAMIENTOS ESTERIL 2cm.-31,0,178.64583333333334
2023,6,EQ. DE PRESION NEGATIVA CON INSTILACIÓN-33,0,2.481081801650171
2023,7,APOSITO DE FIBRAS DE POLIACRILATO C/PLATA-3,830,1110.0
2023,7,SOLUCION P/ LIMPIEZA Y DESCONTAMINACION DE HERIDAS-16,1770,1553.955702654174
2023,7,APOSITO DE HIDROFIBRA  / CINTA-18,375,506.32749870235125
2023,7,APOSITO DE ESPUMA POLIURETANO / SACRO-11,100,159.4302580531862
2023,7,APOSITO C/ CARBON Y PLATA-6,2700,2181.2500000000005
2023,7,APOSITO DE FIBRAS DE POLIACRILATO-3,200,645.9915999115254
2023,7,APOSITO MALLADO C/ PARAFINA-39,1730,2171.894136657101
2023,7,APOSITO DE HIDROFIBRA DE HIDROCOLOIDE C/ ESPUMA POLIURETANO-12,11110,8154.289210765507
2023,7,APOSITO DE HIDROFIBRA DE HIDROCOLOIDE C/ PLATA-3,2735,2504.8958146594764
2023,7,APÓSITO ADHESIVO ABSORBENTE IMPERMEABLE C/ BOLSA-21,0,-2.3786474900903138e-181
2023,7,APOSITO DE HIDROCOLOIDE-9,3639,3125.807546209777
2023,7,APOSITO DE HIDROCOLOIDE-7,325,370.96449038948373
2023,7,APOSITO DE HIDROCOLOIDE C/ PLATA-2,0,0.02946828264862739
2023,7,APOSITO DE ESPUMA POLIURETANO-8,300,500.1463226378684
2023,7,APÓSITO ABSORBENTE C/ ADHESIVO-22,9600,10297.308307578116
2023,7,APÓSITO ABSORBENTE C/ ADHESIVO-23,2800,3330.653141922856
2023,7,HIDROGEL-37,1260,1683.4315361029537
2023,7,APOSITO MALLADO C/ PARAFINA-38,4980,3094.857217489797
2023,7,APÓSITO MALLADO C/ OLIGOSACÁRIDOS-1,140,329.63617765912636
2023,7,ELIMINADOR DE ADHESIVOS MEDICOS DE LA PIEL-17,300,139.71928396265773
2023,7,APOSITO DE FIBRAS DE POLIACRILATO C/PLATA-6,1290,1524.112416677897
2023,7,GEL P/ LIMPIEZA  Y DESCONTAMINACION DE HERIDAS-15,60,68.82815405936023
2023,7,EQ. DE PRESION NEGATIVA / Espuma de poliuretano-32,190,100.52586524149673
2023,7,APOSITO DE HIDROFIBRA HIDROCOLOIDE P/ BOMBA DE UN SOLO USO-26,0,14.682765248854722
2023,7,APOSITO DE HIDROFIBRA DE HIDROCOLOIDE C/ ESPUMA POLIURETANO-10,1970,2186.9872664853906
2023,7,APÓSITO DE ESPUMA DE POLIURETANO Y POLIACRILATO CON SILICONA-14,5190,4565.645780261395
2023,7,APOSITO ESPUMA DE POLIVINILO ALCOHOL  P/ TERAPIA CONVENCIONAL PRESION NEGATIVA-34,60,21.71913213060932
2023,7,BOMBA DE UN SOLO USO / TERAPIA PRESIÓN NEGATIVA-40,12,41.7825138210828
2023,7,APOSITO MALLADO C/ SILICONA-0,140,370.6167406921153
2023,7,APOSITO C/ CARBON Y PLATA-4,1800,1237.8040218883762
2023,7,APOSITO PARA PEQUEÑAS HERIDAS REDONDO-19,7000,9734.408783690084
2023,7,APOSITO DE HIDROCOLOIDE-3,810,680.7247057639395
2023,7,EQ. DE PRESION NEGATIVA / Espuma de poliuretano-36,50,74.03878884306084
2023,7,EQ. DE PRESION NEGATIVA / Espuma de poliuretano con plata-35,30,33.606967281860044
2023,7,EQ. DE PRESIÓN NEGATIVA ABDOMINAL-29,15,9.671552446464602
2023,7,APÓSITO TRANSPARENTE ADHESIVO-24,1700,8151.992611663549
2023,7,APOSITO DE ALGINATO C/ PLATA-6,300,144.91391027906838
2023,7,BOMBA DE UN SOLO USO / TERAPIA PRESIÓN NEGATIVA C/ APOSITO-27,8,4.537702479338705
2023,7,APOSITO DE HIDROCOLOIDE-6,1200,1281.8653563704638
2023,7,APÓSITO DE ESPUMA DE POLIURETANO C/ SILICONA-3,1680,1698.978228445578
2023,7,APÓSITO DE ESPUMA DE POLIURETANO Y POLIACRILATO CON SILICONA-13,690,508.60060783004565
2023,7,TIRA DE GASA ORILLADA TAPONAMIENTOS ESTERIL 1cm.-30,350,157.74014268132822
2023,7,APÓSITO TRANSPARENTE ADHESIVO-20,2850,2594.885495360047
2023,7,APOSITO ABSORBENTE S/ ADHESIVO-25,200,243.58162290278958
2023,7,BOMBA DE UN SOLO USO / TERAPIA PRESIÓN NEGATIVA C/ APOSITO-28,0,2.726308973083359
2023,7,TIRA DE GASA ORILLADA TAPONAMIENTOS ESTERIL 2cm.-31,0,178.64583333333334
2023,7,EQ. DE PRESION NEGATIVA CON INSTILACIÓN-33,5,2.4508197372769414
2023,8,APOSITO DE FIBRAS DE POLIACRILATO C/PLATA-3,1500,1110.0
2023,8,SOLUCION P/ LIMPIEZA Y DESCONTAMINACION DE HERIDAS-16,1450,1653.2070463118826
2023,8,APOSITO DE HIDROFIBRA  / CINTA-18,630,508.5456616847893
2023,8,APOSITO DE ESPUMA POLIURETANO / SACRO-11,350,159.4302580531862
2023,8,APOSITO C/ CARBON Y PLATA-6,3600,2181.2500000000005
2023,8,APOSITO DE FIBRAS DE POLIACRILATO-3,940,645.9915999115254
2023,8,APOSITO MALLADO C/ PARAFINA-39,2660,2171.894136657101
2023,8,APOSITO DE HIDROFIBRA DE HIDROCOLOIDE C/ ESPUMA POLIURETANO-12,15030,8809.710190011156
2023,8,APOSITO DE HIDROFIBRA DE HIDROCOLOIDE C/ PLATA-3,3610,2504.8958146594764
2023,8,APÓSITO ADHESIVO ABSORBENTE IMPERMEABLE C/ BOLSA-21,0,-2.752211103861182e-181
2023,8,APOSITO DE HIDROCOLOIDE-9,5628,3144.224935186584
2023,8,APOSITO DE HIDROCOLOIDE-7,670,370.35913831137276
2023,8,APOSITO DE HIDROCOLOIDE C/ PLATA-2,0,0.029467770636709377
2023,8,APOSITO DE ESPUMA POLIURETANO-8,1150,500.1463226378684
2023,8,APÓSITO ABSORBENTE C/ ADHESIVO-22,14080,10297.308307578116
2023,8,APÓSITO ABSORBENTE C/ ADHESIVO-23,3360,3330.653141922856
2023,8,HIDROGEL-37,2520,1640.3786168112883
2023,8,APOSITO MALLADO C/ PARAFINA-38,6210,3094.8166407798917
2023,8,APÓSITO MALLADO C/ OLIGOSACÁRIDOS-1,410,332.93032744029324
2023,8,ELIMINADOR DE ADHESIVOS MEDICOS DE LA PIEL-17,120,141.1782210624304
2023,8,APOSITO DE FIBRAS DE POLIACRILATO C/PLATA-6,2310,1494.8097099120823
2023,8,GEL P/ LIMPIEZA  Y DESCONTAMINACION DE HERIDAS-15,15,69.51002942569635
2023,8,EQ. DE PRESION NEGATIVA / Espuma de poliuretano-32,70,101.56732828814904
2023,8,APOSITO DE HIDROFIBRA HIDROCOLOIDE P/ BOMBA DE UN SOLO USO-26,5,14.837630616188997
2023,8,APOSITO DE HIDROFIBRA DE HIDROCOLOIDE C/ ESPUMA POLIURETANO-10,2010,2208.9449602030763
2023,8,APÓSITO DE ESPUMA DE POLIURETANO Y POLIACRILATO CON SILICONA-14,4300,4565.645780261395
2023,8,APOSITO ESPUMA DE POLIVINILO ALCOHOL  P/ TERAPIA CONVENCIONAL PRESION NEGATIVA-34,0,21.85369168811131
2023,8,BOMBA DE UN SOLO USO / TERAPIA PRESIÓN NEGATIVA-40,20,77.06520345572075
2023,8,APOSITO MALLADO C/ SILICONA-0,140,369.0444251488706
2023,8,APOSITO C/ CARBON Y PLATA-4,1000,1302.652630815058
2023,8,APOSITO PARA PEQUEÑAS HERIDAS REDONDO-19,7000,9734.408783690084
2023,8,APOSITO DE HIDROCOLOIDE-3,220,680.7247057639395
2023,8,EQ. DE PRESION NEGATIVA / Espuma de poliuretano-36,65,74.79245299758726
2023,8,EQ. DE PRESION NEGATIVA / Espuma de poliuretano con plata-35,10,38.508925490493134
2023,8,EQ. DE PRESIÓN NEGATIVA ABDOMINAL-29,10,9.776964256056782
2023,8,APÓSITO TRANSPARENTE ADHESIVO-24,7300,8149.330067431532
2023,8,APOSITO DE ALGINATO C/ PLATA-6,780,106.84580503657108
2023,8,BOMBA DE UN SOLO USO / TERAPIA PRESIÓN NEGATIVA C/ APOSITO-27,4,4.705818212171815
2023,8,APOSITO DE HIDROCOLOIDE-6,1400,1281.8520786160325
2023,8,APÓSITO DE ESPUMA DE POLIURETANO C/ SILICONA-3,2100,1698.978228445578
2023,8,APÓSITO DE ESPUMA DE POLIURETANO Y POLIACRILATO CON SILICONA-13,730,514.7190418587926
2023,8,TIRA DE GASA ORILLADA TAPONAMIENTOS ESTERIL 1cm.-30,350,157.45531467857498
2023,8,APÓSITO TRANSPARENTE ADHESIVO-20,1850,2594.943074536519
2023,8,APOSITO ABSORBENTE S/ ADHESIVO-25,200,243.58162290278958
2023,8,BOMBA DE UN SOLO USO / TERAPIA PRESIÓN NEGATIVA C/ APOSITO-28,10,2.7538359332152496
2023,8,TIRA DE GASA ORILLADA TAPONAMIENTOS ESTERIL 2cm.-31,350,178.64583333333334
2023,8,EQ. DE PRESION NEGATIVA CON INSTILACIÓN-33,0,2.5677283960168595
2023,9,APOSITO DE FIBRAS DE POLIACRILATO C/PLATA-3,1160,1110.0
2023,9,SOLUCION P/ LIMPIEZA Y DESCONTAMINACION DE HERIDAS-16,720,1562.5032742188307
2023,9,APOSITO DE HIDROFIBRA  / CINTA-18,375,462.47371603668614
2023,9,APOSITO DE ESPUMA POLIURETANO / SACRO-11,0,159.4302580531862
2023,9,APOSITO C/ CARBON Y PLATA-6,1500,2181.2500000000005
2023,9,APOSITO DE FIBRAS DE POLIACRILATO-3,460,645.9915999115254
2023,9,APOSITO MALLADO C/ PARAFINA-39,2750,2171.894136657101
2023,9,APOSITO DE HIDROFIBRA DE HIDROCOLOIDE C/ ESPUMA POLIURETANO-12,3720,8531.718983866098
2023,9,APOSITO DE HIDROFIBRA DE HIDROCOLOIDE C/ PLATA-3,2570,2504.8958146594764
2023,9,APÓSITO ADHESIVO ABSORBENTE IMPERMEABLE C/ BOLSA-21,0,-2.0969728007477818e-181
2023,9,APOSITO DE HIDROCOLOIDE-9,4170,3162.642324163391
2023,9,APOSITO DE HIDROCOLOIDE-7,210,370.4224449983327
2023,9,APOSITO DE HIDROCOLOIDE C/ PLATA-2,0,0.029467874815558487
2023,9,APOSITO DE ESPUMA POLIURETANO-8,200,500.1463226378684
2023,9,APÓSITO ABSORBENTE C/ ADHESIVO-22,9600,10297.308307578116
2023,9,APÓSITO ABSORBENTE C/ ADHESIVO-23,2800,3330.653141922856
2023,9,HIDROGEL-37,1050,1689.8296119706215
2023,9,APOSITO MALLADO C/ PARAFINA-38,3820,3094.828143996441
2023,9,APÓSITO MALLADO C/ OLIGOSACÁRIDOS-1,310,336.2244772214601
2023,9,ELIMINADOR DE ADHESIVOS MEDICOS DE LA PIEL-17,156,142.63715816220306
2023,9,APOSITO DE FIBRAS DE POLIACRILATO C/PLATA-6,1360,1560.0571745135096
2023,9,GEL P/ LIMPIEZA  Y DESCONTAMINACION DE HERIDAS-15,35,70.19190479203246
2023,9,EQ. DE PRESION NEGATIVA / Espuma de poliuretano-32,95,102.60879133480135
2023,9,APOSITO DE HIDROFIBRA HIDROCOLOIDE P/ BOMBA DE UN SOLO USO-26,20,14.992495983523273
2023,9,APOSITO DE HIDROFIBRA DE HIDROCOLOIDE C/ ESPUMA POLIURETANO-10,2900,2230.902653920762
2023,9,APÓSITO DE ESPUMA DE POLIURETANO Y POLIACRILATO CON SILICONA-14,4230,4565.645780261395
2023,9,APOSITO ESPUMA DE POLIVINILO ALCOHOL  P/ TERAPIA CONVENCIONAL PRESION NEGATIVA-34,10,21.784460725212387
2023,9,BOMBA DE UN SOLO USO / TERAPIA PRESIÓN NEGATIVA-40,0,9.567427265097457
2023,9,APOSITO MALLADO C/ SILICONA-0,840,368.15435588812545
2023,9,APOSITO C/ CARBON Y PLATA-4,1900,1387.9099852407699
2023,9,APOSITO PARA PEQUEÑAS HERIDAS REDONDO-19,9000,9734.408783690084
2023,9,APOSITO DE HIDROCOLOIDE-3,225,680.7247057639395
2023,9,EQ. DE PRESION NEGATIVA / Espuma de poliuretano-36,25,75.54611715211368
2023,9,EQ. DE PRESION NEGATIVA / Espuma de poliuretano con plata-35,15,42.26287914093239
2023,9,EQ. DE PRESIÓN NEGATIVA ABDOMINAL-29,15,9.882376065648963
2023,9,APÓSITO TRANSPARENTE ADHESIVO-24,7400,8150.384303452152
2023,9,APOSITO DE ALGINATO C/ PLATA-6,470,118.15011353264302
2023,9,BOMBA DE UN SOLO USO / TERAPIA PRESIÓN NEGATIVA C/ APOSITO-27,6,4.586554028908482
2023,9,APOSITO DE HIDROCOLOIDE-6,670,1281.8548848918613
2023,9,APÓSITO DE ESPUMA DE POLIURETANO C/ SILICONA-3,1020,1698.978228445578
2023,9,APÓSITO DE ESPUMA DE POLIURETANO Y POLIACRILATO CON SILICONA-13,780,519.4076730571965
2023,9,TIRA DE GASA ORILLADA TAPONAMIENTOS ESTERIL 1cm.-30,0,157.33121724999987
2023,9,APÓSITO TRANSPARENTE ADHESIVO-20,1650,2594.926752926444
2023,9,APOSITO ABSORBENTE S/ ADHESIVO-25,400,243.58162290278958
2023,9,BOMBA DE UN SOLO USO / TERAPIA PRESIÓN NEGATIVA C/ APOSITO-28,0,2.770701913029225
2023,9,TIRA DE GASA ORILLADA TAPONAMIENTOS ESTERIL 2cm.-31,0,178.64583333333334
2023,9,EQ. DE PRESION NEGATIVA CON INSTILACIÓN-33,0,2.5917914449165496
2023,10,APOSITO DE FIBRAS DE POLIACRILATO C/PLATA-3,1270,1110.0
2023,10,SOLUCION P/ LIMPIEZA Y DESCONTAMINACION DE HERIDAS-16,2130,1667.4780827036534
2023,10,APOSITO DE HIDROFIBRA  / CINTA-18,395,512.4041896142545
2023,10,APOSITO DE ESPUMA POLIURETANO / SACRO-11,0,159.4302580531862
2023,10,APOSITO C/ CARBON Y PLATA-6,2100,2181.2500000000005
2023,10,APOSITO DE FIBRAS DE POLIACRILATO-3,700,645.9915999115254
2023,10,APOSITO MALLADO C/ PARAFINA-39,2440,2171.894136657101
2023,10,APOSITO DE HIDROFIBRA DE HIDROCOLOIDE C/ ESPUMA POLIURETANO-12,9150,9301.567743019914
2023,10,APOSITO DE HIDROFIBRA DE HIDROCOLOIDE C/ PLATA-3,2045,2504.8958146594764
2023,10,APÓSITO ADHESIVO ABSORBENTE IMPERMEABLE C/ BOLSA-21,0,-1.9448220278416533e-181
2023,10,APOSITO DE HIDROCOLOIDE-9,3690,3181.0597131401983
2023,10,APOSITO DE HIDROCOLOIDE-7,350,370.4847949295281
2023,10,APOSITO DE HIDROCOLOIDE C/ PLATA-2,0,0.029467853618331978
2023,10,APOSITO DE ESPUMA POLIURETANO-8,310,500.1463226378684
2023,10,APÓSITO ABSORBENTE C/ ADHESIVO-22,17920,10297.308307578116
2023,10,APÓSITO ABSORBENTE C/ ADHESIVO-23,3360,3330.653141922856
2023,10,HIDROGEL-37,1220,1663.0178354106736
2023,10,APOSITO MALLADO C/ PARAFINA-38,2870,3094.8248829141285
2023,10,APÓSITO MALLADO C/ OLIGOSACÁRIDOS-1,260,339.518627002627
2023,10,ELIMINADOR DE ADHESIVOS MEDICOS DE LA PIEL-17,288,144.09609526197573
2023,10,APOSITO DE FIBRAS DE POLIACRILATO C/PLATA-6,1950,1527.5695236598165
2023,10,GEL P/ LIMPIEZA  Y DESCONTAMINACION DE HERIDAS-15,48,70.87378015836858
2023,10,EQ. DE PRESION NEGATIVA / Espuma de poliuretano-32,105,103.65025438145366
2023,10,APOSITO DE HIDROFIBRA HIDROCOLOIDE P/ BOMBA DE UN SOLO USO-26,15,15.14736135085755
2023,10,APOSITO DE HIDROFIBRA DE HIDROCOLOIDE C/ ESPUMA POLIURETANO-10,1960,2252.860347638448
2023,10,APÓSITO DE ESPUMA DE POLIURETANO Y POLIACRILATO CON SILICONA-14,4450,4565.645780261395
2023,10,APOSITO ESPUMA DE POLIVINILO ALCOHOL  P/ TERAPIA CONVENCIONAL PRESION NEGATIVA-34,20,21.816462017647765
2023,10,BOMBA DE UN SOLO USO / TERAPIA PRESIÓN NEGATIVA-40,9,47.59566095419194
2023,10,APOSITO MALLADO C/ SILICONA-0,980,367.70540599535127
2023,10,APOSITO C/ CARBON Y PLATA-4,350,1273.3078593856235
2023,10,APOSITO PARA PEQUEÑAS HERIDAS REDONDO-19,12000,9734.408783690084
2023,10,APOSITO DE HIDROCOLOIDE-3,630,680.7247057639395
2023,10,EQ. DE PRESION NEGATIVA / Espuma de poliuretano-36,50,76.2997813066401
2023,10,EQ. DE PRESION NEGATIVA / Espuma de poliuretano con plata-35,15,41.043369610656356
2023,10,EQ. DE PRESIÓN NEGATIVA ABDOMINAL-29,9,9.987787875241143
2023,10,APÓSITO TRANSPARENTE ADHESIVO-24,5500,8149.966878053616
2023,10,APOSITO DE ALGINATO C/ PLATA-6,650,106.76200132394217
2023,10,BOMBA DE UN SOLO USO / TERAPIA PRESIÓN NEGATIVA C/ APOSITO-27,21,4.671162085333458
2023,10,APOSITO DE HIDROCOLOIDE-6,1260,1281.8542917807242
2023,10,APÓSITO DE ESPUMA DE POLIURETANO C/ SILICONA-3,1080,1698.978228445578
2023,10,APÓSITO DE ESPUMA DE POLIURETANO Y POLIACRILATO CON SILICONA-13,640,524.7053015075453
2023,10,TIRA DE GASA ORILLADA TAPONAMIENTOS ESTERIL 1cm.-30,0,157.27714892936393
2023,10,APÓSITO TRANSPARENTE ADHESIVO-20,3400,2594.931379511466
2023,10,APOSITO ABSORBENTE S/ ADHESIVO-25,200,243.58162290278958
2023,10,BOMBA DE UN SOLO USO / TERAPIA PRESIÓN NEGATIVA C/ APOSITO-28,14,2.7700783263264466
2023,10,TIRA DE GASA ORILLADA TAPONAMIENTOS ESTERIL 2cm.-31,0,178.64583333333334
2023,10,EQ. DE PRESION NEGATIVA CON INSTILACIÓN-33,0,2.549464828171873
2023,12,APOSITO DE FIBRAS DE POLIACRILATO C/PLATA-3,0,1110.0
2023,12,SOLUCION P/ LIMPIEZA Y DESCONTAMINACION DE HERIDAS-16,0,1632.3043122200781
2023,12,APOSITO DE HIDROFIBRA  / CINTA-18,0,475.3383905518809
2023,12,APOSITO DE ESPUMA POLIURETANO / SACRO-11,0,159.4302580531862
2023,12,APOSITO C/ CARBON Y PLATA-6,0,2181.2500000000005
2023,12,APOSITO DE FIBRAS DE POLIACRILATO-3,0,645.9915999115254
2023,12,APOSITO MALLADO C/ PARAFINA-39,0,2171.894136657101
2023,12,APOSITO DE HIDROFIBRA DE HIDROCOLOIDE C/ ESPUMA POLIURETANO-12,0,8814.187252338446
2023,12,APOSITO DE HIDROFIBRA DE HIDROCOLOIDE C/ PLATA-3,0,2504.8958146594764
2023,12,APÓSITO ADHESIVO ABSORBENTE IMPERMEABLE C/ BOLSA-21,0,-2.328233672188984e-181
2023,12,APOSITO DE HIDROCOLOIDE-9,0,3217.8944910938126
2023,12,APOSITO DE HIDROCOLOIDE-7,0,370.531004650604
2023,12,APOSITO DE HIDROCOLOIDE C/ PLATA-2,0,0.029467857053760312
2023,12,APOSITO DE ESPUMA POLIURETANO-8,0,500.1463226378684
2023,12,APÓSITO ABSORBENTE C/ ADHESIVO-22,0,10297.308307578116
2023,12,APÓSITO ABSORBENTE C/ ADHESIVO-23,0,3330.653141922856
2023,12,HIDROGEL-37,0,1683.30620070586
2023,12,APOSITO MALLADO C/ PARAFINA-38,0,3094.8255453206725
2023,12,APÓSITO MALLADO C/ OLIGOSACÁRIDOS-1,0,346.10692656496076
2023,12,ELIMINADOR DE ADHESIVOS MEDICOS DE LA PIEL-17,0,147.01396946152107
2023,12,APOSITO DE FIBRAS DE POLIACRILATO C/PLATA-6,0,1575.9543773558546
2023,12,GEL P/ LIMPIEZA  Y DESCONTAMINACION DE HERIDAS-15,0,72.2375308910408
2023,12,EQ. DE PRESION NEGATIVA / Espuma de poliuretano-32,0,105.73318047475829
2023,12,APOSITO DE HIDROFIBRA HIDROCOLOIDE P/ BOMBA DE UN SOLO USO-26,0,15.457092085526101
2023,12,APOSITO DE HIDROFIBRA DE HIDROCOLOIDE C/ ESPUMA POLIURETANO-10,0,2296.7757350738193
2023,12,APÓSITO DE ESPUMA DE POLIURETANO Y POLIACRILATO CON SILICONA-14,0,4565.645780261395
2023,12,APOSITO ESPUMA DE POLIVINILO ALCOHOL  P/ TERAPIA CONVENCIONAL PRESION NEGATIVA-34,0,21.80784621926497
2023,12,BOMBA DE UN SOLO USO / TERAPIA PRESIÓN NEGATIVA-40,0,14.995018844430792
2023,12,APOSITO MALLADO C/ SILICONA-0,0,367.33200323995095
2023,12,APOSITO C/ CARBON Y PLATA-4,0,1220.7768729266863
2023,12,APOSITO PARA PEQUEÑAS HERIDAS REDONDO-19,0,9734.408783690084
2023,12,APOSITO DE HIDROCOLOIDE-3,0,680.7247057639395
2023,12,EQ. DE PRESION NEGATIVA / Espuma de poliuretano-36,0,77.80710961569294
2023,12,EQ. DE PRESION NEGATIVA / Espuma de poliuretano con plata-35,0,37.15181788855184
2023,12,EQ. DE PRESIÓN NEGATIVA ABDOMINAL-29,0,10.198611494425503
2023,12,APÓSITO TRANSPARENTE ADHESIVO-24,0,8150.066715241114
2023,12,APOSITO DE ALGINATO C/ PLATA-6,0,104.61156697744755
2023,12,BOMBA DE UN SOLO USO / TERAPIA PRESIÓN NEGATIVA C/ APOSITO-27,0,4.653720603292502
2023,12,APOSITO DE HIDROCOLOIDE-6,0,1281.8543906417653
2023,12,APÓSITO DE ESPUMA DE POLIURETANO C/ SILICONA-3,0,1698.978228445578
2023,12,APÓSITO DE ESPUMA DE POLIURETANO Y POLIACRILATO CON SILICONA-13,0,534.8922594252939
2023,12,TIRA DE GASA ORILLADA TAPONAMIENTOS ESTERIL 1cm.-30,0,157.24332808744686
2023,12,APÓSITO TRANSPARENTE ADHESIVO-20,0,2594.9304397962587
2023,12,APOSITO ABSORBENTE S/ ADHESIVO-25,0,243.58162290278958
2023,12,BOMBA DE UN SOLO USO / TERAPIA PRESIÓN NEGATIVA C/ APOSITO-28,0,2.7646846773452016
2023,12,TIRA DE GASA ORILLADA TAPONAMIENTOS ESTERIL 2cm.-31,0,178.64583333333334
2023,12,EQ. DE PRESION NEGATIVA CON INSTILACIÓN-33,0,2.550509067728839
2023,5,APOSITO DE FIBRAS DE POLIACRILATO C/PLATA-3,1430,1110.0
2023,5,SOLUCION P/ LIMPIEZA Y DESCONTAMINACION DE HERIDAS-16,1670,1511.770935036935
2023,5,APOSITO DE HIDROFIBRA  / CINTA-18,710,563.1691070504561
2023,5,APOSITO DE ESPUMA POLIURETANO / SACRO-11,0,159.4302580531862
2023,5,APOSITO C/ CARBON Y PLATA-6,1800,2181.2500000000005
2023,5,APOSITO DE FIBRAS DE POLIACRILATO-3,80,645.9915999115254
2023,5,APOSITO MALLADO C/ PARAFINA-39,2950,2171.894136657101
2023,5,APOSITO DE HIDROFIBRA DE HIDROCOLOIDE C/ ESPUMA POLIURETANO-12,11050,8244.799697397324
2023,5,APOSITO DE HIDROFIBRA DE HIDROCOLOIDE C/ PLATA-3,2550,2504.8958146594764
2023,5,APÓSITO ADHESIVO ABSORBENTE IMPERMEABLE C/ BOLSA-21,0,-3.063979513685343e-181
2023,5,APOSITO DE HIDROCOLOIDE-9,4455,3088.9727682561625
2023,5,APOSITO DE HIDROCOLOIDE-7,405,370.73194105601794
2023,5,APOSITO DE HIDROCOLOIDE C/ PLATA-2,0,0.029478133720027833
2023,5,APOSITO DE ESPUMA POLIURETANO-8,690,500.1463226378684
2023,5,APÓSITO ABSORBENTE C/ ADHESIVO-22,15360,10297.308307578116
2023,5,APÓSITO ABSORBENTE C/ ADHESIVO-23,3920,3330.653141922856
2023,5,HIDROGEL-37,1600,1681.228809350488
2023,5,APOSITO MALLADO C/ PARAFINA-38,4170,3095.218970611225
2023,5,APÓSITO MALLADO C/ OLIGOSACÁRIDOS-1,250,323.0478780967926
2023,5,ELIMINADOR DE ADHESIVOS MEDICOS DE LA PIEL-17,240,136.8014097631124
2023,5,APOSITO DE FIBRAS DE POLIACRILATO C/PLATA-6,1210,1595.7997329462123
2023,5,GEL P/ LIMPIEZA  Y DESCONTAMINACION DE HERIDAS-15,68,67.464403326688
2023,5,EQ. DE PRESION NEGATIVA / Espuma de poliuretano-32,145,98.44293914819211
2023,5,APOSITO DE HIDROFIBRA HIDROCOLOIDE P/ BOMBA DE UN SOLO USO-26,25,14.37303451418617
2023,5,APOSITO DE HIDROFIBRA DE HIDROCOLOIDE C/ ESPUMA POLIURETANO-10,2590,2143.071879050019
2023,5,APÓSITO DE ESPUMA DE POLIURETANO Y POLIACRILATO CON SILICONA-14,5380,4565.645780261395
2023,5,APOSITO ESPUMA DE POLIVINILO ALCOHOL  P/ TERAPIA CONVENCIONAL PRESION NEGATIVA-34,60,21.451677072794986
2023,5,BOMBA DE UN SOLO USO / TERAPIA PRESIÓN NEGATIVA-40,28,82.77891161787113
2023,5,APOSITO MALLADO C/ SILICONA-0,210,379.2812874024476
2023,5,APOSITO C/ CARBON Y PLATA-4,320,1262.8725689437383
2023,5,APOSITO PARA PEQUEÑAS HERIDAS REDONDO-19,16000,9734.408783690084
2023,5,APOSITO DE HIDROCOLOIDE-3,285,680.7247057639395
2023,5,EQ. DE PRESION NEGATIVA / Espuma de poliuretano-36,250,72.531460534008
2023,5,EQ. DE PRESION NEGATIVA / Espuma de poliuretano con plata-35,20,41.31507154378731
2023,5,EQ. DE PRESIÓN NEGATIVA ABDOMINAL-29,19,9.460728827280242
2023,5,APÓSITO TRANSPARENTE ADHESIVO-24,8000,8162.251191439873
2023,5,APOSITO DE ALGINATO C/ PLATA-6,200,168.37829835556414
2023,5,BOMBA DE UN SOLO USO / TERAPIA PRESIÓN NEGATIVA C/ APOSITO-27,16,4.44063472476573
2023,5,APOSITO DE HIDROCOLOIDE-6,1220,1282.0997773967108
2023,5,APÓSITO DE ESPUMA DE POLIURETANO C/ SILICONA-3,1440,1698.978228445578
2023,5,APÓSITO DE ESPUMA DE POLIURETANO Y POLIACRILATO CON SILICONA-13,370,495.1962188614933
2023,5,TIRA DE GASA ORILLADA TAPONAMIENTOS ESTERIL 1cm.-30,350,159.89433227905133
2023,5,APÓSITO TRANSPARENTE ADHESIVO-20,2850,2594.3720331227482
2023,5,APOSITO ABSORBENTE S/ ADHESIVO-25,300,243.58162290278958
2023,5,BOMBA DE UN SOLO USO / TERAPIA PRESIÓN NEGATIVA C/ APOSITO-28,2,2.9243648736241052
2023,5,TIRA DE GASA ORILLADA TAPONAMIENTOS ESTERIL 2cm.-31,0,178.64583333333334
2023,5,EQ. DE PRESION NEGATIVA CON INSTILACIÓN-33,0,2.7939548333046997
2023,11,APOSITO DE FIBRAS DE POLIACRILATO C/PLATA-3,80,1110.0
2023,11,SOLUCION P/ LIMPIEZA Y DESCONTAMINACION DE HERIDAS-16,0,1671.2573451865405
2023,11,APOSITO DE HIDROFIBRA  / CINTA-18,5,504.3785651728496
2023,11,APOSITO DE ESPUMA POLIURETANO / SACRO-11,0,159.4302580531862
2023,11,APOSITO C/ CARBON Y PLATA-6,0,2181.2500000000005
2023,11,APOSITO DE FIBRAS DE POLIACRILATO-3,0,645.9915999115254
2023,11,APOSITO MALLADO C/ PARAFINA-39,0,2171.894136657101
2023,11,APOSITO DE HIDROFIBRA DE HIDROCOLOIDE C/ ESPUMA POLIURETANO-12,0,8042.30659810258
2023,11,APOSITO DE HIDROFIBRA DE HIDROCOLOIDE C/ PLATA-3,0,2504.8958146594764
2023,11,APÓSITO ADHESIVO ABSORBENTE IMPERMEABLE C/ BOLSA-21,0,-2.4899113490466174e-181
2023,11,APOSITO DE HIDROCOLOIDE-9,0,3199.4771021170054
2023,11,APOSITO DE HIDROCOLOIDE-7,0,370.56752820372196
2023,11,APOSITO DE HIDROCOLOIDE C/ PLATA-2,0,0.02946785793132272
2023,11,APOSITO DE ESPUMA POLIURETANO-8,0,500.1463226378684
2023,11,APÓSITO ABSORBENTE C/ ADHESIVO-22,0,10297.308307578116
2023,11,APÓSITO ABSORBENTE C/ ADHESIVO-23,0,3330.653141922856
2023,11,HIDROGEL-37,0,1699.079185732162
2023,11,APOSITO MALLADO C/ PARAFINA-38,0,3094.825807408404
2023,11,APÓSITO MALLADO C/ OLIGOSACÁRIDOS-1,0,342.8127767837939
2023,11,ELIMINADOR DE ADHESIVOS MEDICOS DE LA PIEL-17,12,145.5550323617484
2023,11,APOSITO DE FIBRAS DE POLIACRILATO C/PLATA-6,0,1666.3907516177255
2023,11,GEL P/ LIMPIEZA  Y DESCONTAMINACION DE HERIDAS-15,0,71.55565552470469
2023,11,EQ. DE PRESION NEGATIVA / Espuma de poliuretano-32,0,104.69171742810597
2023,11,APOSITO DE HIDROFIBRA HIDROCOLOIDE P/ BOMBA DE UN SOLO USO-26,0,15.302226718191825
2023,11,APOSITO DE HIDROFIBRA DE HIDROCOLOIDE C/ ESPUMA POLIURETANO-10,0,2274.8180413561336
2023,11,APÓSITO DE ESPUMA DE POLIURETANO Y POLIACRILATO CON SILICONA-14,0,4565.645780261395
2023,11,APOSITO ESPUMA DE POLIVINILO ALCOHOL  P/ TERAPIA CONVENCIONAL PRESION NEGATIVA-34,0,21.800253765789705
2023,11,BOMBA DE UN SOLO USO / TERAPIA PRESIÓN NEGATIVA-40,0,102.01412741408865
2023,11,APOSITO MALLADO C/ SILICONA-0,0,367.45908022269236
2023,11,APOSITO C/ CARBON Y PLATA-4,0,1338.3377243300072
2023,11,APOSITO PARA PEQUEÑAS HERIDAS REDONDO-19,0,9734.408783690084
2023,11,APOSITO DE HIDROCOLOIDE-3,0,680.7247057639395
2023,11,EQ. DE PRESION NEGATIVA / Espuma de poliuretano-36,0,77.05344546116652
2023,11,EQ. DE PRESION NEGATIVA / Espuma de poliuretano con plata-35,0,30.546098311287622
2023,11,EQ. DE PRESIÓN NEGATIVA ABDOMINAL-29,0,10.093199684833323
2023,11,APÓSITO TRANSPARENTE ADHESIVO-24,0,8150.132157896018
2023,11,APOSITO DE ALGINATO C/ PLATA-6,0,100.7265245116723
2023,11,BOMBA DE UN SOLO USO / TERAPIA PRESIÓN NEGATIVA C/ APOSITO-27,2,4.611139679476655
2023,11,APOSITO DE HIDROCOLOIDE-6,0,1281.854417135765
2023,11,APÓSITO DE ESPUMA DE POLIURETANO C/ SILICONA-3,0,1698.978228445578
2023,11,APÓSITO DE ESPUMA DE POLIURETANO Y POLIACRILATO CON SILICONA-13,0,529.7435391908556
2023,11,TIRA DE GASA ORILLADA TAPONAMIENTOS ESTERIL 1cm.-30,0,157.25359176681872
2023,11,APÓSITO TRANSPARENTE ADHESIVO-20,0,2594.9300680422625
2023,11,APOSITO ABSORBENTE S/ ADHESIVO-25,0,243.58162290278958
2023,11,BOMBA DE UN SOLO USO / TERAPIA PRESIÓN NEGATIVA C/ APOSITO-28,0,2.765950803384222
2023,11,TIRA DE GASA ORILLADA TAPONAMIENTOS ESTERIL 2cm.-31,0,178.64583333333334
2023,11,EQ. DE PRESION NEGATIVA CON INSTILACIÓN-33,0,2.535720423536519
