AÑO,MES,PRODUCTO,TIPOCOMPRA,CANTIDADCOMPRA,PREDICTED_CANTIDADCOMPRA
2023,1,APOSITO ABSORBENTE S/ ADHESIVO-25,Compra menor,200,298.0649292145466
2023,1,APOSITO C/ CARBON Y PLATA-4,Concurso,1220,652.6878833133876
2023,1,APOSITO C/ CARBON Y PLATA-6,Concurso,1800,2210.9252043798188
2023,1,APOSITO DE ALGINATO C/ PLATA-6,Concurso,110,109.92825188003405
2023,1,APOSITO DE ESPUMA POLIURETANO / SACRO-11,Compra menor,100,204.82172956323097
2023,1,APOSITO DE ESPUMA POLIURETANO-8,Concurso,860,491.2704283686511
2023,1,APOSITO DE FIBRAS DE POLIACRILATO C/PLATA-3,Compra menor,890,134.75293452450387
2023,1,APOSITO DE FIBRAS DE POLIACRILATO C/PLATA-6,Compra menor,1970,607.1548455664745
2023,1,APOSITO DE FIBRAS DE POLIACRILATO-3,Compra menor,170,351.25049871929696
2023,1,APOSITO DE HIDROCOLOIDE-3,Concurso,415,661.1414774847799
2023,1,APOSITO DE HIDROCOLOIDE-6,Concurso,610,1254.4394586598944
2023,1,APOSITO DE HIDROCOLOIDE-7,Compra menor,495,370.66493584209456
2023,1,APOSITO DE HIDROCOLOIDE-9,Concurso,3624,1878.532215833719
2023,1,APOSITO DE HIDROFIBRA  / CINTA-18,Compra menor,575,171.9627253592762
2023,1,APOSITO DE HIDROFIBRA DE HIDROCOLOIDE C/ ESPUMA POLIURETANO-10,Compra menor,1900,705.4861932002705
2023,1,APOSITO DE HIDROFIBRA DE HIDROCOLOIDE C/ ESPUMA POLIURETANO-12,Compra menor,8330,3045.2532178869515
2023,1,APOSITO DE HIDROFIBRA DE HIDROCOLOIDE C/ PLATA-3,Compra menor,2215,1749.362125297804
2023,1,APOSITO ESPUMA DE POLIVINILO ALCOHOL  P/ TERAPIA CONVENCIONAL PRESION NEGATIVA-34,Compra menor,30,-194.92999270990117
2023,1,APOSITO MALLADO C/ PARAFINA-38,Compra menor,3260,1816.6997177364583
2023,1,APOSITO MALLADO C/ PARAFINA-39,Compra menor,2220,595.3833695461683
2023,1,APOSITO MALLADO C/ SILICONA-0,Concurso,210,448.07058872984044
2023,1,APOSITO PARA PEQUEÑAS HERIDAS REDONDO-19,Compra menor,14000,10181.07856000652
2023,1,APÓSITO ABSORBENTE C/ ADHESIVO-22,Compra menor,11520,6884.687076525598
2023,1,APÓSITO ABSORBENTE C/ ADHESIVO-23,Compra menor,1680,2591.65433381188
2023,1,APÓSITO DE ESPUMA DE POLIURETANO C/ SILICONA-3,Concurso,1560,638.5990703044822
2023,1,APÓSITO DE ESPUMA DE POLIURETANO Y POLIACRILATO CON SILICONA-13,Concurso,340,69.32169023363633
2023,1,APÓSITO DE ESPUMA DE POLIURETANO Y POLIACRILATO CON SILICONA-14,Concurso,5550,673.5955956606231
2023,1,APÓSITO MALLADO C/ OLIGOSACÁRIDOS-1,Compra menor,470,104.91567309518496
2023,1,APÓSITO TRANSPARENTE ADHESIVO-20,Concurso,3100,2217.5111130615396
2023,1,APÓSITO TRANSPARENTE ADHESIVO-24,Concurso,5000,7786.448777919593
2023,1,BOMBA DE UN SOLO USO / TERAPIA PRESIÓN NEGATIVA C/ APOSITO-27,Compra menor,4,-169.57908315040186
2023,1,BOMBA DE UN SOLO USO / TERAPIA PRESIÓN NEGATIVA-40,Compra menor,25,-227.64953804731886
2023,1,ELIMINADOR DE ADHESIVOS MEDICOS DE LA PIEL-17,Compra menor,168,-27.004669616586398
2023,1,EQ. DE PRESION NEGATIVA / Espuma de poliuretano con plata-35,Compra menor,50,-199.6412289115035
2023,1,EQ. DE PRESION NEGATIVA / Espuma de poliuretano-32,Compra menor,50,-132.61104374581146
2023,1,EQ. DE PRESION NEGATIVA / Espuma de poliuretano-36,Compra menor,35,-168.43162804268331
2023,1,EQ. DE PRESIÓN NEGATIVA ABDOMINAL-29,Compra menor,16,-195.6992681227989
2023,1,GEL P/ LIMPIEZA  Y DESCONTAMINACION DE HERIDAS-15,Compra menor,95,-22.476477464414074
2023,1,HIDROGEL-37,Concurso,520,1087.318481993979
2023,1,SOLUCION P/ LIMPIEZA Y DESCONTAMINACION DE HERIDAS-16,Compra menor,1380,647.4971487836049
2023,1,TIRA DE GASA ORILLADA TAPONAMIENTOS ESTERIL 1cm.-30,Compra menor,350,417.23002692880345
2023,2,APOSITO ABSORBENTE S/ ADHESIVO-25,Compra menor,400,300.46579021669027
2023,2,APOSITO C/ CARBON Y PLATA-4,Concurso,3360,655.0887443155311
2023,2,APOSITO C/ CARBON Y PLATA-6,Concurso,3000,2213.3260653819625
2023,2,APOSITO DE ALGINATO C/ PLATA-6,Concurso,200,112.3291128821777
2023,2,APOSITO DE ESPUMA POLIURETANO / SACRO-11,Compra menor,200,207.22259056537462
2023,2,APOSITO DE ESPUMA POLIURETANO-8,Concurso,400,493.67128937079474
2023,2,APOSITO DE FIBRAS DE POLIACRILATO C/PLATA-3,Compra menor,1040,137.1537955266475
2023,2,APOSITO DE FIBRAS DE POLIACRILATO C/PLATA-6,Compra menor,1750,609.5557065686182
2023,2,APOSITO DE FIBRAS DE POLIACRILATO-3,Compra menor,1520,353.6513597214406
2023,2,APOSITO DE HIDROCOLOIDE-3,Concurso,1365,663.5423384869235
2023,2,APOSITO DE HIDROCOLOIDE-6,Concurso,2410,1256.8403196620382
2023,2,APOSITO DE HIDROCOLOIDE-7,Compra menor,590,373.0657968442382
2023,2,APOSITO DE HIDROCOLOIDE-9,Concurso,3309,1880.9330768358627
2023,2,APOSITO DE HIDROFIBRA  / CINTA-18,Compra menor,625,174.36358636141983
2023,2,APOSITO DE HIDROFIBRA DE HIDROCOLOIDE C/ ESPUMA POLIURETANO-10,Compra menor,3470,707.8870542024141
2023,2,APOSITO DE HIDROFIBRA DE HIDROCOLOIDE C/ ESPUMA POLIURETANO-12,Compra menor,13180,3047.654078889095
2023,2,APOSITO DE HIDROFIBRA DE HIDROCOLOIDE C/ PLATA-3,Compra menor,4295,1751.7629862999474
2023,2,APOSITO DE HIDROFIBRA HIDROCOLOIDE P/ BOMBA DE UN SOLO USO-26,Compra menor,15,-233.41026563726314
2023,2,APOSITO ESPUMA DE POLIVINILO ALCOHOL  P/ TERAPIA CONVENCIONAL PRESION NEGATIVA-34,Compra menor,20,-192.52913170775741
2023,2,APOSITO MALLADO C/ PARAFINA-38,Compra menor,3430,1819.1005787386018
2023,2,APOSITO MALLADO C/ PARAFINA-39,Compra menor,1690,597.7842305483119
2023,2,APOSITO MALLADO C/ SILICONA-0,Concurso,700,450.4714497319841
2023,2,APOSITO PARA PEQUEÑAS HERIDAS REDONDO-19,Compra menor,15000,10183.479421008664
2023,2,APÓSITO ABSORBENTE C/ ADHESIVO-22,Compra menor,11520,6887.087937527742
2023,2,APÓSITO ABSORBENTE C/ ADHESIVO-23,Compra menor,6160,2594.0551948140237
2023,2,APÓSITO DE ESPUMA DE POLIURETANO C/ SILICONA-3,Concurso,3030,640.9999313066257
2023,2,APÓSITO DE ESPUMA DE POLIURETANO Y POLIACRILATO CON SILICONA-13,Concurso,640,71.72255123577997
2023,2,APÓSITO DE ESPUMA DE POLIURETANO Y POLIACRILATO CON SILICONA-14,Concurso,6990,675.9964566627667
2023,2,APÓSITO MALLADO C/ OLIGOSACÁRIDOS-1,Compra menor,440,107.3165340973286
2023,2,APÓSITO TRANSPARENTE ADHESIVO-20,Concurso,3050,2219.9119740636834
2023,2,APÓSITO TRANSPARENTE ADHESIVO-24,Concurso,8300,7788.849638921737
2023,2,BOMBA DE UN SOLO USO / TERAPIA PRESIÓN NEGATIVA C/ APOSITO-27,Compra menor,26,-167.1782221482581
2023,2,BOMBA DE UN SOLO USO / TERAPIA PRESIÓN NEGATIVA C/ APOSITO-28,Compra menor,2,-258.921694166158
2023,2,BOMBA DE UN SOLO USO / TERAPIA PRESIÓN NEGATIVA-40,Compra menor,13,-225.2486770451751
2023,2,ELIMINADOR DE ADHESIVOS MEDICOS DE LA PIEL-17,Compra menor,192,-24.60380861444264
2023,2,EQ. DE PRESION NEGATIVA / Espuma de poliuretano con plata-35,Compra menor,30,-197.24036790935975
2023,2,EQ. DE PRESION NEGATIVA / Espuma de poliuretano-32,Compra menor,55,-130.2101827436677
2023,2,EQ. DE PRESION NEGATIVA / Espuma de poliuretano-36,Compra menor,90,-166.03076704053956
2023,2,EQ. DE PRESIÓN NEGATIVA ABDOMINAL-29,Compra menor,11,-193.29840712065516
2023,2,GEL P/ LIMPIEZA  Y DESCONTAMINACION DE HERIDAS-15,Compra menor,35,-20.075616462270318
2023,2,HIDROGEL-37,Concurso,3230,1089.7193429961226
2023,2,SOLUCION P/ LIMPIEZA Y DESCONTAMINACION DE HERIDAS-16,Compra menor,1220,649.8980097857485
2023,2,TIRA DE GASA ORILLADA TAPONAMIENTOS ESTERIL 1cm.-30,Compra menor,700,419.6308879309471
2023,2,TIRA DE GASA ORILLADA TAPONAMIENTOS ESTERIL 2cm.-31,Compra menor,700,495.7144253368939
2023,3,APOSITO C/ CARBON Y PLATA-4,Concurso,150,657.4896053176749
2023,3,APOSITO C/ CARBON Y PLATA-6,Concurso,2700,2215.7269263841063
2023,3,APOSITO DE ALGINATO C/ PLATA-6,Compra menor,60,114.72997388432134
2023,3,APOSITO DE ESPUMA POLIURETANO-8,Compra menor,700,496.0721503729384
2023,3,APOSITO DE ESPUMA POLIURETANO-8,Concurso,150,496.0721503729384
2023,3,APOSITO DE FIBRAS DE POLIACRILATO C/PLATA-3,Compra menor,1070,139.55465652879116
2023,3,APOSITO DE FIBRAS DE POLIACRILATO C/PLATA-6,Compra menor,1320,611.9565675707618
2023,3,APOSITO DE FIBRAS DE POLIACRILATO-3,Compra menor,340,356.05222072358424
2023,3,APOSITO DE HIDROCOLOIDE-3,Compra menor,45,665.9431994890672
2023,3,APOSITO DE HIDROCOLOIDE-3,Concurso,210,665.9431994890672
2023,3,APOSITO DE HIDROCOLOIDE-7,Compra menor,130,375.46665784638185
2023,3,APOSITO DE HIDROCOLOIDE-9,Compra menor,1875,1883.3339378380062
2023,3,APOSITO DE HIDROCOLOIDE-9,Concurso,810,1883.3339378380062
2023,3,APOSITO DE HIDROFIBRA  / CINTA-18,Compra menor,640,176.76444736356348
2023,3,APOSITO DE HIDROFIBRA DE HIDROCOLOIDE C/ ESPUMA POLIURETANO-10,Compra menor,1230,710.2879152045577
2023,3,APOSITO DE HIDROFIBRA DE HIDROCOLOIDE C/ ESPUMA POLIURETANO-12,Compra menor,4620,3050.054939891239
2023,3,APOSITO DE HIDROFIBRA DE HIDROCOLOIDE C/ PLATA-3,Compra menor,1730,1754.1638473020912
2023,3,APOSITO ESPUMA DE POLIVINILO ALCOHOL  P/ TERAPIA CONVENCIONAL PRESION NEGATIVA-34,Compra menor,20,-190.1282707056139
2023,3,APOSITO MALLADO C/ PARAFINA-38,Compra menor,3250,1821.5014397407454
2023,3,APOSITO MALLADO C/ PARAFINA-39,Compra menor,1710,600.1850915504556
2023,3,APOSITO MALLADO C/ SILICONA-0,Concurso,840,452.8723107341277
2023,3,APOSITO PARA PEQUEÑAS HERIDAS REDONDO-19,Compra menor,6000,10185.880282010807
2023,3,APÓSITO ABSORBENTE C/ ADHESIVO-22,Compra menor,10240,6889.488798529886
2023,3,APÓSITO ABSORBENTE C/ ADHESIVO-23,Compra menor,3360,2596.4560558161675
2023,3,APÓSITO DE ESPUMA DE POLIURETANO C/ SILICONA-3,Concurso,210,643.4007923087695
2023,3,APÓSITO DE ESPUMA DE POLIURETANO Y POLIACRILATO CON SILICONA-13,Compra menor,490,74.12341223792362
2023,3,APÓSITO DE ESPUMA DE POLIURETANO Y POLIACRILATO CON SILICONA-13,Concurso,480,74.12341223792362
2023,3,APÓSITO DE ESPUMA DE POLIURETANO Y POLIACRILATO CON SILICONA-14,Compra menor,1490,678.3973176649104
2023,3,APÓSITO DE ESPUMA DE POLIURETANO Y POLIACRILATO CON SILICONA-14,Concurso,1240,678.3973176649104
2023,3,APÓSITO MALLADO C/ OLIGOSACÁRIDOS-1,Compra menor,130,109.71739509947224
2023,3,APÓSITO TRANSPARENTE ADHESIVO-20,Concurso,1600,2222.312835065827
2023,3,APÓSITO TRANSPARENTE ADHESIVO-24,Concurso,5500,7791.250499923881
2023,3,BOMBA DE UN SOLO USO / TERAPIA PRESIÓN NEGATIVA C/ APOSITO-27,Compra menor,7,-164.77736114611457
2023,3,BOMBA DE UN SOLO USO / TERAPIA PRESIÓN NEGATIVA C/ APOSITO-28,Compra menor,2,-256.52083316401445
2023,3,BOMBA DE UN SOLO USO / TERAPIA PRESIÓN NEGATIVA-40,Compra menor,9,-222.84781604303157
2023,3,ELIMINADOR DE ADHESIVOS MEDICOS DE LA PIEL-17,Compra menor,216,-22.202947612299113
2023,3,EQ. DE PRESION NEGATIVA / Espuma de poliuretano con plata-35,Compra menor,35,-194.83950690721622
2023,3,EQ. DE PRESION NEGATIVA / Espuma de poliuretano-32,Compra menor,115,-127.80932174152417
2023,3,EQ. DE PRESION NEGATIVA / Espuma de poliuretano-36,Compra menor,90,-163.62990603839603
2023,3,EQ. DE PRESION NEGATIVA CON INSTILACIÓN-33,Compra menor,5,-238.12807969565597
2023,3,EQ. DE PRESIÓN NEGATIVA ABDOMINAL-29,Compra menor,22,-190.89754611851163
2023,3,GEL P/ LIMPIEZA  Y DESCONTAMINACION DE HERIDAS-15,Concurso,53,-17.67475546012679
2023,3,HIDROGEL-37,Concurso,980,1092.1202039982663
2023,3,SOLUCION P/ LIMPIEZA Y DESCONTAMINACION DE HERIDAS-16,Concurso,1600,652.2988707878922
2023,3,TIRA DE GASA ORILLADA TAPONAMIENTOS ESTERIL 1cm.-30,Compra menor,350,422.03174893309074
2023,4,APOSITO C/ CARBON Y PLATA-6,Concurso,600,2218.12778738625
2023,4,APOSITO DE ALGINATO C/ PLATA-6,Compra menor,110,117.13083488646498
2023,4,APOSITO DE ESPUMA POLIURETANO / SACRO-11,Compra menor,100,212.0243125696619
2023,4,APOSITO DE ESPUMA POLIURETANO-8,Compra menor,200,498.473011375082
2023,4,APOSITO DE FIBRAS DE POLIACRILATO C/PLATA-3,Compra menor,930,141.9555175309348
2023,4,APOSITO DE FIBRAS DE POLIACRILATO C/PLATA-6,Compra menor,990,614.3574285729055
2023,4,APOSITO DE FIBRAS DE POLIACRILATO-3,Compra menor,300,358.4530817257279
2023,4,APOSITO DE HIDROCOLOIDE-6,Compra menor,300,1261.6420416663254
2023,4,APOSITO DE HIDROCOLOIDE-7,Compra menor,200,377.8675188485255
2023,4,APOSITO DE HIDROCOLOIDE-9,Compra menor,2358,1885.7347988401498
2023,4,APOSITO DE HIDROFIBRA  / CINTA-18,Compra menor,485,179.16530836570712
2023,4,APOSITO DE HIDROFIBRA DE HIDROCOLOIDE C/ ESPUMA POLIURETANO-10,Compra menor,2080,712.6887762067014
2023,4,APOSITO DE HIDROFIBRA DE HIDROCOLOIDE C/ ESPUMA POLIURETANO-12,Compra menor,7680,3052.4558008933827
2023,4,APOSITO DE HIDROFIBRA DE HIDROCOLOIDE C/ PLATA-3,Compra menor,1895,1756.564708304235
2023,4,APOSITO DE HIDROFIBRA HIDROCOLOIDE P/ BOMBA DE UN SOLO USO-26,Compra menor,25,-228.60854363297585
2023,4,APOSITO MALLADO C/ PARAFINA-38,Compra menor,2290,1823.902300742889
2023,4,APOSITO MALLADO C/ PARAFINA-39,Compra menor,1720,602.5859525525992
2023,4,APOSITO MALLADO C/ SILICONA-0,Concurso,770,455.27317173627137
2023,4,APOSITO PARA PEQUEÑAS HERIDAS REDONDO-19,Compra menor,5000,10188.281143012951
2023,4,APÓSITO ABSORBENTE C/ ADHESIVO-22,Compra menor,7040,6891.889659532028
2023,4,APÓSITO ABSORBENTE C/ ADHESIVO-23,Compra menor,1680,2598.856916818311
2023,4,APÓSITO DE ESPUMA DE POLIURETANO C/ SILICONA-3,Concurso,810,645.801653310913
2023,4,APÓSITO DE ESPUMA DE POLIURETANO Y POLIACRILATO CON SILICONA-13,Compra menor,450,76.52427324006726
2023,4,APÓSITO DE ESPUMA DE POLIURETANO Y POLIACRILATO CON SILICONA-14,Compra menor,4350,680.798178667054
2023,4,APÓSITO TRANSPARENTE ADHESIVO-20,Concurso,900,2224.713696067971
2023,4,APÓSITO TRANSPARENTE ADHESIVO-24,Concurso,3600,7793.651360926024
2023,4,BOMBA DE UN SOLO USO / TERAPIA PRESIÓN NEGATIVA C/ APOSITO-27,Compra menor,14,-162.37650014397082
2023,4,BOMBA DE UN SOLO USO / TERAPIA PRESIÓN NEGATIVA C/ APOSITO-28,Compra menor,19,-254.1199721618707
2023,4,BOMBA DE UN SOLO USO / TERAPIA PRESIÓN NEGATIVA-40,Compra menor,32,-220.44695504088781
2023,4,ELIMINADOR DE ADHESIVOS MEDICOS DE LA PIEL-17,Compra menor,96,-19.802086610155357
2023,4,EQ. DE PRESION NEGATIVA / Espuma de poliuretano con plata-35,Compra menor,40,-192.43864590507246
2023,4,EQ. DE PRESION NEGATIVA / Espuma de poliuretano-32,Compra menor,50,-125.40846073938042
2023,4,EQ. DE PRESION NEGATIVA / Espuma de poliuretano-36,Compra menor,55,-161.22904503625227
2023,4,EQ. DE PRESIÓN NEGATIVA ABDOMINAL-29,Compra menor,5,-188.49668511636787
2023,4,GEL P/ LIMPIEZA  Y DESCONTAMINACION DE HERIDAS-15,Concurso,26,-15.273894457983033
2023,4,HIDROGEL-37,Compra menor,980,1094.5210650004099
2023,4,HIDROGEL-37,Concurso,100,1094.5210650004099
2023,4,SOLUCION P/ LIMPIEZA Y DESCONTAMINACION DE HERIDAS-16,Concurso,1430,654.6997317900358
2023,5,APOSITO ABSORBENTE S/ ADHESIVO-25,Compra menor,300,307.6683732231212
2023,5,APOSITO C/ CARBON Y PLATA-4,Concurso,320,662.2913273219622
2023,5,APOSITO C/ CARBON Y PLATA-6,Concurso,1800,2220.528648388394
2023,5,APOSITO DE ALGINATO C/ PLATA-6,Compra menor,200,119.53169588860862
2023,5,APOSITO DE ESPUMA POLIURETANO-8,Compra menor,690,500.87387237722567
2023,5,APOSITO DE FIBRAS DE POLIACRILATO C/PLATA-3,Compra menor,1430,144.35637853307844
2023,5,APOSITO DE FIBRAS DE POLIACRILATO C/PLATA-6,Compra menor,1210,616.758289575049
2023,5,APOSITO DE FIBRAS DE POLIACRILATO-3,Compra menor,80,360.8539427278715
2023,5,APOSITO DE HIDROCOLOIDE-3,Compra menor,285,670.7449214933545
2023,5,APOSITO DE HIDROCOLOIDE-6,Compra menor,1220,1264.042902668469
2023,5,APOSITO DE HIDROCOLOIDE-7,Compra menor,405,380.26837985066913
2023,5,APOSITO DE HIDROCOLOIDE-9,Compra menor,4455,1888.1356598422935
2023,5,APOSITO DE HIDROFIBRA  / CINTA-18,Compra menor,710,181.56616936785076
2023,5,APOSITO DE HIDROFIBRA DE HIDROCOLOIDE C/ ESPUMA POLIURETANO-10,Compra menor,2590,715.089637208845
2023,5,APOSITO DE HIDROFIBRA DE HIDROCOLOIDE C/ ESPUMA POLIURETANO-12,Compra menor,11050,3054.8566618955265
2023,5,APOSITO DE HIDROFIBRA DE HIDROCOLOIDE C/ PLATA-3,Compra menor,2550,1758.9655693063785
2023,5,APOSITO DE HIDROFIBRA HIDROCOLOIDE P/ BOMBA DE UN SOLO USO-26,Compra menor,25,-226.20768263083232
2023,5,APOSITO ESPUMA DE POLIVINILO ALCOHOL  P/ TERAPIA CONVENCIONAL PRESION NEGATIVA-34,Compra menor,60,-185.3265487013266
2023,5,APOSITO MALLADO C/ PARAFINA-38,Compra menor,4170,1826.3031617450329
2023,5,APOSITO MALLADO C/ PARAFINA-39,Compra menor,2950,604.9868135547429
2023,5,APOSITO MALLADO C/ SILICONA-0,Concurso,210,457.674032738415
2023,5,APOSITO PARA PEQUEÑAS HERIDAS REDONDO-19,Compra menor,16000,10190.682004015094
2023,5,APÓSITO ABSORBENTE C/ ADHESIVO-22,Compra menor,15360,6894.290520534172
2023,5,APÓSITO ABSORBENTE C/ ADHESIVO-23,Compra menor,3920,2601.2577778204545
2023,5,APÓSITO DE ESPUMA DE POLIURETANO C/ SILICONA-3,Concurso,1440,648.2025143130568
2023,5,APÓSITO DE ESPUMA DE POLIURETANO Y POLIACRILATO CON SILICONA-13,Compra menor,370,78.9251342422109
2023,5,APÓSITO DE ESPUMA DE POLIURETANO Y POLIACRILATO CON SILICONA-14,Compra menor,5380,683.1990396691976
2023,5,APÓSITO MALLADO C/ OLIGOSACÁRIDOS-1,Compra menor,250,114.51911710375953
2023,5,APÓSITO TRANSPARENTE ADHESIVO-20,Concurso,2850,2227.114557070114
2023,5,APÓSITO TRANSPARENTE ADHESIVO-24,Concurso,8000,7796.0522219281675
2023,5,BOMBA DE UN SOLO USO / TERAPIA PRESIÓN NEGATIVA C/ APOSITO-27,Compra menor,16,-159.9756391418273
2023,5,BOMBA DE UN SOLO USO / TERAPIA PRESIÓN NEGATIVA C/ APOSITO-28,Compra menor,2,-251.71911115972716
2023,5,BOMBA DE UN SOLO USO / TERAPIA PRESIÓN NEGATIVA-40,Compra menor,28,-218.0460940387443
2023,5,ELIMINADOR DE ADHESIVOS MEDICOS DE LA PIEL-17,Compra menor,240,-17.401225608011828
2023,5,EQ. DE PRESION NEGATIVA / Espuma de poliuretano con plata-35,Compra menor,20,-190.03778490292893
2023,5,EQ. DE PRESION NEGATIVA / Espuma de poliuretano-32,Compra menor,145,-123.00759973723689
2023,5,EQ. DE PRESION NEGATIVA / Espuma de poliuretano-36,Compra menor,250,-158.82818403410874
2023,5,EQ. DE PRESIÓN NEGATIVA ABDOMINAL-29,Compra menor,19,-186.09582411422434
2023,5,GEL P/ LIMPIEZA  Y DESCONTAMINACION DE HERIDAS-15,Concurso,68,-12.873033455839504
2023,5,HIDROGEL-37,Compra menor,1600,1096.9219260025536
2023,5,SOLUCION P/ LIMPIEZA Y DESCONTAMINACION DE HERIDAS-16,Concurso,1670,657.1005927921794
2023,5,TIRA DE GASA ORILLADA TAPONAMIENTOS ESTERIL 1cm.-30,Compra menor,350,426.833470937378
2023,6,APOSITO ABSORBENTE S/ ADHESIVO-25,Compra menor,200,310.06923422526484
2023,6,APOSITO C/ CARBON Y PLATA-4,Concurso,490,664.6921883241057
2023,6,APOSITO C/ CARBON Y PLATA-6,Concurso,3600,2222.9295093905375
2023,6,APOSITO DE ALGINATO C/ PLATA-6,Compra menor,300,121.93255689075227
2023,6,APOSITO DE ESPUMA POLIURETANO / SACRO-11,Compra menor,100,216.8260345739492
2023,6,APOSITO DE ESPUMA POLIURETANO-8,Compra menor,600,503.2747333793693
2023,6,APOSITO DE FIBRAS DE POLIACRILATO C/PLATA-3,Compra menor,1460,146.75723953522208
2023,6,APOSITO DE FIBRAS DE POLIACRILATO C/PLATA-6,Compra menor,1660,619.1591505771928
2023,6,APOSITO DE FIBRAS DE POLIACRILATO-3,Compra menor,500,363.25480373001517
2023,6,APOSITO DE HIDROCOLOIDE-3,Compra menor,215,673.1457824954981
2023,6,APOSITO DE HIDROCOLOIDE-6,Compra menor,1020,1266.4437636706127
2023,6,APOSITO DE HIDROCOLOIDE-7,Compra menor,475,382.6692408528128
2023,6,APOSITO DE HIDROCOLOIDE-9,Compra menor,3729,1890.5365208444373
2023,6,APOSITO DE HIDROFIBRA  / CINTA-18,Compra menor,560,183.9670303699944
2023,6,APOSITO DE HIDROFIBRA DE HIDROCOLOIDE C/ ESPUMA POLIURETANO-10,Compra menor,2350,717.4904982109887
2023,6,APOSITO DE HIDROFIBRA DE HIDROCOLOIDE C/ ESPUMA POLIURETANO-12,Compra menor,6710,3057.2575228976702
2023,6,APOSITO DE HIDROFIBRA DE HIDROCOLOIDE C/ PLATA-3,Compra menor,2050,1761.366430308522
2023,6,APOSITO DE HIDROFIBRA HIDROCOLOIDE P/ BOMBA DE UN SOLO USO-26,Compra menor,25,-223.80682162868857
2023,6,APOSITO ESPUMA DE POLIVINILO ALCOHOL  P/ TERAPIA CONVENCIONAL PRESION NEGATIVA-34,Compra menor,20,-182.92568769918284
2023,6,APOSITO MALLADO C/ PARAFINA-38,Compra menor,4060,1828.7040227471764
2023,6,APOSITO MALLADO C/ PARAFINA-39,Compra menor,3630,607.3876745568865
2023,6,APOSITO MALLADO C/ SILICONA-0,Concurso,1540,460.07489374055865
2023,6,APOSITO PARA PEQUEÑAS HERIDAS REDONDO-19,Compra menor,1000,10193.082865017239
2023,6,APÓSITO ABSORBENTE C/ ADHESIVO-22,Compra menor,10880,6896.691381536316
2023,6,APÓSITO ABSORBENTE C/ ADHESIVO-23,Compra menor,2800,2603.6586388225983
2023,6,APÓSITO DE ESPUMA DE POLIURETANO C/ SILICONA-3,Concurso,1800,650.6033753152003
2023,6,APÓSITO DE ESPUMA DE POLIURETANO Y POLIACRILATO CON SILICONA-13,Compra menor,630,81.32599524435454
2023,6,APÓSITO DE ESPUMA DE POLIURETANO Y POLIACRILATO CON SILICONA-14,Compra menor,4740,685.5999006713413
2023,6,APÓSITO MALLADO C/ OLIGOSACÁRIDOS-1,Compra menor,110,116.91997810590317
2023,6,APÓSITO TRANSPARENTE ADHESIVO-20,Concurso,2750,2229.515418072258
2023,6,APÓSITO TRANSPARENTE ADHESIVO-24,Compra menor,7600,7798.453082930311
2023,6,APÓSITO TRANSPARENTE ADHESIVO-24,Concurso,5300,7798.453082930311
2023,6,BOMBA DE UN SOLO USO / TERAPIA PRESIÓN NEGATIVA C/ APOSITO-27,Compra menor,46,-157.57477813968353
2023,6,BOMBA DE UN SOLO USO / TERAPIA PRESIÓN NEGATIVA C/ APOSITO-28,Compra menor,33,-249.3182501575834
2023,6,BOMBA DE UN SOLO USO / TERAPIA PRESIÓN NEGATIVA-40,Compra menor,10,-215.64523303660053
2023,6,ELIMINADOR DE ADHESIVOS MEDICOS DE LA PIEL-17,Compra menor,240,-15.000364605868072
2023,6,EQ. DE PRESION NEGATIVA / Espuma de poliuretano-32,Compra menor,60,-120.60673873509313
2023,6,EQ. DE PRESION NEGATIVA / Espuma de poliuretano-36,Compra menor,30,-156.427323031965
2023,6,EQ. DE PRESIÓN NEGATIVA ABDOMINAL-29,Compra menor,6,-183.6949631120806
2023,6,GEL P/ LIMPIEZA  Y DESCONTAMINACION DE HERIDAS-15,Concurso,108,-10.472172453695748
2023,6,HIDROGEL-37,Compra menor,2060,1099.3227870046971
2023,6,SOLUCION P/ LIMPIEZA Y DESCONTAMINACION DE HERIDAS-16,Concurso,1550,659.5014537943231
2023,7,APOSITO ABSORBENTE S/ ADHESIVO-25,Compra menor,200,312.4700952274085
2023,7,APOSITO C/ CARBON Y PLATA-4,Concurso,1800,667.0930493262495
2023,7,APOSITO C/ CARBON Y PLATA-6,Concurso,2700,2225.330370392681
2023,7,APOSITO DE ALGINATO C/ PLATA-6,Compra menor,300,124.33341789289591
2023,7,APOSITO DE ESPUMA POLIURETANO / SACRO-11,Compra menor,100,219.22689557609283
2023,7,APOSITO DE ESPUMA POLIURETANO-8,Compra menor,300,505.67559438151295
2023,7,APOSITO DE FIBRAS DE POLIACRILATO C/PLATA-3,Compra menor,830,149.15810053736573
2023,7,APOSITO DE FIBRAS DE POLIACRILATO C/PLATA-6,Compra menor,1290,621.5600115793363
2023,7,APOSITO DE FIBRAS DE POLIACRILATO-3,Compra menor,200,365.6556647321588
2023,7,APOSITO DE HIDROCOLOIDE-3,Compra menor,810,675.5466434976418
2023,7,APOSITO DE HIDROCOLOIDE-6,Compra menor,1200,1268.8446246727563
2023,7,APOSITO DE HIDROCOLOIDE-7,Compra menor,325,385.0701018549564
2023,7,APOSITO DE HIDROCOLOIDE-9,Compra menor,3639,1892.9373818465808
2023,7,APOSITO DE HIDROFIBRA  / CINTA-18,Compra menor,375,186.36789137213805
2023,7,APOSITO DE HIDROFIBRA DE HIDROCOLOIDE C/ ESPUMA POLIURETANO-10,Compra menor,1970,719.8913592131323
2023,7,APOSITO DE HIDROFIBRA DE HIDROCOLOIDE C/ ESPUMA POLIURETANO-12,Compra menor,11110,3059.6583838998135
2023,7,APOSITO DE HIDROFIBRA DE HIDROCOLOIDE C/ PLATA-3,Compra menor,2735,1763.7672913106658
2023,7,APOSITO ESPUMA DE POLIVINILO ALCOHOL  P/ TERAPIA CONVENCIONAL PRESION NEGATIVA-34,Compra menor,60,-180.52482669703932
2023,7,APOSITO MALLADO C/ PARAFINA-38,Compra menor,4980,1831.10488374932
2023,7,APOSITO MALLADO C/ PARAFINA-39,Compra menor,1730,609.7885355590302
2023,7,APOSITO MALLADO C/ SILICONA-0,Concurso,140,462.4757547427023
2023,7,APOSITO PARA PEQUEÑAS HERIDAS REDONDO-19,Compra menor,7000,10195.483726019382
2023,7,APÓSITO ABSORBENTE C/ ADHESIVO-22,Compra menor,9600,6899.09224253846
2023,7,APÓSITO ABSORBENTE C/ ADHESIVO-23,Compra menor,2800,2606.0594998247416
2023,7,APÓSITO DE ESPUMA DE POLIURETANO C/ SILICONA-3,Concurso,1680,653.0042363173441
2023,7,APÓSITO DE ESPUMA DE POLIURETANO Y POLIACRILATO CON SILICONA-13,Compra menor,690,83.72685624649819
2023,7,APÓSITO DE ESPUMA DE POLIURETANO Y POLIACRILATO CON SILICONA-14,Compra menor,5190,688.0007616734849
2023,7,APÓSITO MALLADO C/ OLIGOSACÁRIDOS-1,Compra menor,140,119.32083910804681
2023,7,APÓSITO TRANSPARENTE ADHESIVO-20,Concurso,2850,2231.9162790744012
2023,7,APÓSITO TRANSPARENTE ADHESIVO-24,Concurso,1700,7800.853943932455
2023,7,BOMBA DE UN SOLO USO / TERAPIA PRESIÓN NEGATIVA C/ APOSITO-27,Compra menor,8,-155.17391713754
2023,7,BOMBA DE UN SOLO USO / TERAPIA PRESIÓN NEGATIVA-40,Compra menor,12,-213.244372034457
2023,7,ELIMINADOR DE ADHESIVOS MEDICOS DE LA PIEL-17,Compra menor,300,-12.599503603724543
2023,7,EQ. DE PRESION NEGATIVA / Espuma de poliuretano con plata-35,Compra menor,30,-185.23606289864165
2023,7,EQ. DE PRESION NEGATIVA / Espuma de poliuretano-32,Compra menor,190,-118.2058777329496
2023,7,EQ. DE PRESION NEGATIVA / Espuma de poliuretano-36,Compra menor,50,-154.02646202982146
2023,7,EQ. DE PRESION NEGATIVA CON INSTILACIÓN-33,Compra menor,5,-228.5246356870814
2023,7,EQ. DE PRESIÓN NEGATIVA ABDOMINAL-29,Compra menor,15,-181.29410210993706
2023,7,GEL P/ LIMPIEZA  Y DESCONTAMINACION DE HERIDAS-15,Compra menor,40,-8.07131145155222
2023,7,GEL P/ LIMPIEZA  Y DESCONTAMINACION DE HERIDAS-15,Concurso,20,-8.07131145155222
2023,7,HIDROGEL-37,Compra menor,1260,1101.723648006841
2023,7,SOLUCION P/ LIMPIEZA Y DESCONTAMINACION DE HERIDAS-16,Concurso,1770,661.9023147964667
2023,7,TIRA DE GASA ORILLADA TAPONAMIENTOS ESTERIL 1cm.-30,Compra menor,350,431.6351929416653
2023,8,APOSITO ABSORBENTE S/ ADHESIVO-25,Compra menor,200,314.8709562295521
2023,8,APOSITO C/ CARBON Y PLATA-4,Concurso,1000,669.493910328393
2023,8,APOSITO C/ CARBON Y PLATA-6,Concurso,3600,2227.7312313948246
2023,8,APOSITO DE ALGINATO C/ PLATA-6,Compra menor,780,126.73427889503955
2023,8,APOSITO DE ESPUMA POLIURETANO / SACRO-11,Compra menor,350,221.62775657823647
2023,8,APOSITO DE ESPUMA POLIURETANO-8,Compra menor,1150,508.0764553836566
2023,8,APOSITO DE FIBRAS DE POLIACRILATO C/PLATA-3,Compra menor,1500,151.55896153950937
2023,8,APOSITO DE FIBRAS DE POLIACRILATO C/PLATA-6,Compra menor,2310,623.9608725814801
2023,8,APOSITO DE FIBRAS DE POLIACRILATO-3,Compra menor,940,368.05652573430245
2023,8,APOSITO DE HIDROCOLOIDE-3,Compra menor,220,677.9475044997854
2023,8,APOSITO DE HIDROCOLOIDE-6,Compra menor,1400,1271.2454856749
2023,8,APOSITO DE HIDROCOLOIDE-7,Compra menor,670,387.47096285710006
2023,8,APOSITO DE HIDROCOLOIDE-9,Compra menor,5628,1895.3382428487243
2023,8,APOSITO DE HIDROFIBRA  / CINTA-18,Compra menor,630,188.7687523742817
2023,8,APOSITO DE HIDROFIBRA DE HIDROCOLOIDE C/ ESPUMA POLIURETANO-10,Compra menor,2010,722.292220215276
2023,8,APOSITO DE HIDROFIBRA DE HIDROCOLOIDE C/ ESPUMA POLIURETANO-12,Compra menor,15030,3062.0592449019573
2023,8,APOSITO DE HIDROFIBRA DE HIDROCOLOIDE C/ PLATA-3,Compra menor,3610,1766.1681523128095
2023,8,APOSITO DE HIDROFIBRA HIDROCOLOIDE P/ BOMBA DE UN SOLO USO-26,Compra menor,5,-219.00509962440128
2023,8,APOSITO MALLADO C/ PARAFINA-38,Compra menor,6210,1833.5057447514637
2023,8,APOSITO MALLADO C/ PARAFINA-39,Compra menor,2660,612.1893965611738
2023,8,APOSITO MALLADO C/ SILICONA-0,Concurso,140,464.87661574484594
2023,8,APOSITO PARA PEQUEÑAS HERIDAS REDONDO-19,Compra menor,7000,10197.884587021525
2023,8,APÓSITO ABSORBENTE C/ ADHESIVO-22,Compra menor,14080,6901.493103540603
2023,8,APÓSITO ABSORBENTE C/ ADHESIVO-23,Compra menor,3360,2608.4603608268853
2023,8,APÓSITO DE ESPUMA DE POLIURETANO C/ SILICONA-3,Concurso,2100,655.4050973194876
2023,8,APÓSITO DE ESPUMA DE POLIURETANO Y POLIACRILATO CON SILICONA-13,Compra menor,730,86.12771724864183
2023,8,APÓSITO DE ESPUMA DE POLIURETANO Y POLIACRILATO CON SILICONA-14,Compra menor,4300,690.4016226756286
2023,8,APÓSITO MALLADO C/ OLIGOSACÁRIDOS-1,Compra menor,410,121.72170011019045
2023,8,APÓSITO TRANSPARENTE ADHESIVO-20,Concurso,1850,2234.317140076545
2023,8,APÓSITO TRANSPARENTE ADHESIVO-24,Concurso,7300,7803.254804934599
2023,8,BOMBA DE UN SOLO USO / TERAPIA PRESIÓN NEGATIVA C/ APOSITO-27,Compra menor,4,-152.77305613539625
2023,8,BOMBA DE UN SOLO USO / TERAPIA PRESIÓN NEGATIVA C/ APOSITO-28,Compra menor,10,-244.51652815329612
2023,8,BOMBA DE UN SOLO USO / TERAPIA PRESIÓN NEGATIVA-40,Compra menor,20,-210.84351103231324
2023,8,ELIMINADOR DE ADHESIVOS MEDICOS DE LA PIEL-17,Compra menor,120,-10.198642601580787
2023,8,EQ. DE PRESION NEGATIVA / Espuma de poliuretano con plata-35,Compra menor,10,-182.8352018964979
2023,8,EQ. DE PRESION NEGATIVA / Espuma de poliuretano-32,Compra menor,70,-115.80501673080585
2023,8,EQ. DE PRESION NEGATIVA / Espuma de poliuretano-36,Compra menor,65,-151.6256010276777
2023,8,EQ. DE PRESIÓN NEGATIVA ABDOMINAL-29,Compra menor,10,-178.8932411077933
2023,8,GEL P/ LIMPIEZA  Y DESCONTAMINACION DE HERIDAS-15,Concurso,15,-5.670450449408463
2023,8,HIDROGEL-37,Compra menor,2520,1104.1245090089844
2023,8,SOLUCION P/ LIMPIEZA Y DESCONTAMINACION DE HERIDAS-16,Concurso,1450,664.3031757986104
2023,8,TIRA DE GASA ORILLADA TAPONAMIENTOS ESTERIL 1cm.-30,Compra menor,350,434.03605394380895
2023,8,TIRA DE GASA ORILLADA TAPONAMIENTOS ESTERIL 2cm.-31,Compra menor,350,510.11959134975575
2023,9,APOSITO ABSORBENTE S/ ADHESIVO-25,Compra menor,400,317.27181723169576
2023,9,APOSITO C/ CARBON Y PLATA-4,Concurso,1900,671.8947713305367
2023,9,APOSITO C/ CARBON Y PLATA-6,Concurso,1500,2230.132092396968
2023,9,APOSITO DE ALGINATO C/ PLATA-6,Compra menor,470,129.1351398971832
2023,9,APOSITO DE ESPUMA POLIURETANO-8,Compra menor,200,510.47731638580024
2023,9,APOSITO DE FIBRAS DE POLIACRILATO C/PLATA-3,Compra menor,1160,153.959822541653
2023,9,APOSITO DE FIBRAS DE POLIACRILATO C/PLATA-6,Compra menor,1360,626.3617335836236
2023,9,APOSITO DE FIBRAS DE POLIACRILATO-3,Compra menor,460,370.4573867364461
2023,9,APOSITO DE HIDROCOLOIDE-3,Compra menor,225,680.348365501929
2023,9,APOSITO DE HIDROCOLOIDE-6,Compra menor,670,1273.6463466770435
2023,9,APOSITO DE HIDROCOLOIDE-7,Compra menor,210,389.8718238592437
2023,9,APOSITO DE HIDROCOLOIDE-9,Compra menor,4170,1897.739103850868
2023,9,APOSITO DE HIDROFIBRA  / CINTA-18,Compra menor,375,191.16961337642533
2023,9,APOSITO DE HIDROFIBRA DE HIDROCOLOIDE C/ ESPUMA POLIURETANO-10,Compra menor,2900,724.6930812174196
2023,9,APOSITO DE HIDROFIBRA DE HIDROCOLOIDE C/ ESPUMA POLIURETANO-12,Compra menor,3720,3064.4601059041006
2023,9,APOSITO DE HIDROFIBRA DE HIDROCOLOIDE C/ PLATA-3,Compra menor,2570,1768.569013314953
2023,9,APOSITO DE HIDROFIBRA HIDROCOLOIDE P/ BOMBA DE UN SOLO USO-26,Compra menor,20,-216.60423862225775
2023,9,APOSITO ESPUMA DE POLIVINILO ALCOHOL  P/ TERAPIA CONVENCIONAL PRESION NEGATIVA-34,Compra menor,10,-175.72310469275203
2023,9,APOSITO MALLADO C/ PARAFINA-38,Compra menor,3820,1835.9066057536074
2023,9,APOSITO MALLADO C/ PARAFINA-39,Compra menor,2750,614.5902575633174
2023,9,APOSITO MALLADO C/ SILICONA-0,Concurso,840,467.2774767469896
2023,9,APOSITO PARA PEQUEÑAS HERIDAS REDONDO-19,Compra menor,9000,10200.28544802367
2023,9,APÓSITO ABSORBENTE C/ ADHESIVO-22,Compra menor,9600,6903.893964542747
2023,9,APÓSITO ABSORBENTE C/ ADHESIVO-23,Compra menor,2800,2610.861221829029
2023,9,APÓSITO DE ESPUMA DE POLIURETANO C/ SILICONA-3,Compra menor,480,657.8059583216314
2023,9,APÓSITO DE ESPUMA DE POLIURETANO C/ SILICONA-3,Concurso,540,657.8059583216314
2023,9,APÓSITO DE ESPUMA DE POLIURETANO Y POLIACRILATO CON SILICONA-13,Compra menor,780,88.52857825078547
2023,9,APÓSITO DE ESPUMA DE POLIURETANO Y POLIACRILATO CON SILICONA-14,Compra menor,4230,692.8024836777722
2023,9,APÓSITO MALLADO C/ OLIGOSACÁRIDOS-1,Compra menor,310,124.1225611123341
2023,9,APÓSITO TRANSPARENTE ADHESIVO-20,Concurso,1650,2236.7180010786888
2023,9,APÓSITO TRANSPARENTE ADHESIVO-24,Concurso,7400,7805.6556659367425
2023,9,BOMBA DE UN SOLO USO / TERAPIA PRESIÓN NEGATIVA C/ APOSITO-27,Compra menor,6,-150.37219513325272
2023,9,ELIMINADOR DE ADHESIVOS MEDICOS DE LA PIEL-17,Compra menor,156,-7.797781599437258
2023,9,EQ. DE PRESION NEGATIVA / Espuma de poliuretano con plata-35,Compra menor,15,-180.43434089435436
2023,9,EQ. DE PRESION NEGATIVA / Espuma de poliuretano-32,Compra menor,95,-113.40415572866232
2023,9,EQ. DE PRESION NEGATIVA / Espuma de poliuretano-36,Compra menor,25,-149.22474002553417
2023,9,EQ. DE PRESIÓN NEGATIVA ABDOMINAL-29,Compra menor,15,-176.49238010564977
2023,9,GEL P/ LIMPIEZA  Y DESCONTAMINACION DE HERIDAS-15,Concurso,35,-3.2695894472649343
2023,9,HIDROGEL-37,Compra menor,1050,1106.5253700111282
2023,9,SOLUCION P/ LIMPIEZA Y DESCONTAMINACION DE HERIDAS-16,Concurso,720,666.704036800754
2023,10,APOSITO ABSORBENTE S/ ADHESIVO-25,Compra menor,200,319.6726782338394
2023,10,APOSITO C/ CARBON Y PLATA-4,Concurso,350,674.2956323326803
2023,10,APOSITO C/ CARBON Y PLATA-6,Concurso,2100,2232.5329533991116
2023,10,APOSITO DE ALGINATO C/ PLATA-6,Compra menor,650,131.53600089932684
2023,10,APOSITO DE ESPUMA POLIURETANO-8,Compra menor,310,512.8781773879439
2023,10,APOSITO DE FIBRAS DE POLIACRILATO C/PLATA-3,Compra menor,1270,156.36068354379665
2023,10,APOSITO DE FIBRAS DE POLIACRILATO C/PLATA-6,Compra menor,1950,628.7625945857673
2023,10,APOSITO DE FIBRAS DE POLIACRILATO-3,Compra menor,700,372.85824773858974
2023,10,APOSITO DE HIDROCOLOIDE-3,Compra menor,630,682.7492265040727
2023,10,APOSITO DE HIDROCOLOIDE-6,Compra menor,1260,1276.0472076791873
2023,10,APOSITO DE HIDROCOLOIDE-7,Compra menor,350,392.27268486138735
2023,10,APOSITO DE HIDROCOLOIDE-9,Compra menor,3690,1900.1399648530119
2023,10,APOSITO DE HIDROFIBRA  / CINTA-18,Compra menor,395,193.57047437856897
2023,10,APOSITO DE HIDROFIBRA DE HIDROCOLOIDE C/ ESPUMA POLIURETANO-10,Compra menor,1960,727.0939422195632
2023,10,APOSITO DE HIDROFIBRA DE HIDROCOLOIDE C/ ESPUMA POLIURETANO-12,Compra menor,9150,3066.8609669062444
2023,10,APOSITO DE HIDROFIBRA DE HIDROCOLOIDE C/ PLATA-3,Compra menor,2045,1770.9698743170966
2023,10,APOSITO DE HIDROFIBRA HIDROCOLOIDE P/ BOMBA DE UN SOLO USO-26,Compra menor,15,-214.203377620114
2023,10,APOSITO ESPUMA DE POLIVINILO ALCOHOL  P/ TERAPIA CONVENCIONAL PRESION NEGATIVA-34,Compra menor,20,-173.32224369060827
2023,10,APOSITO MALLADO C/ PARAFINA-38,Compra menor,2870,1838.307466755751
2023,10,APOSITO MALLADO C/ PARAFINA-39,Compra menor,2440,616.9911185654611
2023,10,APOSITO MALLADO C/ SILICONA-0,Compra menor,980,469.6783377491332
2023,10,APOSITO PARA PEQUEÑAS HERIDAS REDONDO-19,Compra menor,12000,10202.686309025812
2023,10,APÓSITO ABSORBENTE C/ ADHESIVO-22,Compra menor,17920,6906.294825544891
2023,10,APÓSITO ABSORBENTE C/ ADHESIVO-23,Compra menor,3360,2613.262082831173
2023,10,APÓSITO DE ESPUMA DE POLIURETANO C/ SILICONA-3,Compra menor,1080,660.2068193237749
2023,10,APÓSITO DE ESPUMA DE POLIURETANO Y POLIACRILATO CON SILICONA-13,Compra menor,640,90.92943925292911
2023,10,APÓSITO DE ESPUMA DE POLIURETANO Y POLIACRILATO CON SILICONA-14,Compra menor,4450,695.2033446799159
2023,10,APÓSITO MALLADO C/ OLIGOSACÁRIDOS-1,Compra menor,260,126.52342211447774
2023,10,APÓSITO TRANSPARENTE ADHESIVO-20,Concurso,3400,2239.1188620808325
2023,10,APÓSITO TRANSPARENTE ADHESIVO-24,Concurso,5500,7808.056526938886
2023,10,BOMBA DE UN SOLO USO / TERAPIA PRESIÓN NEGATIVA C/ APOSITO-27,Compra menor,21,-147.97133413110896
2023,10,BOMBA DE UN SOLO USO / TERAPIA PRESIÓN NEGATIVA C/ APOSITO-28,Compra menor,14,-239.71480614900884
2023,10,BOMBA DE UN SOLO USO / TERAPIA PRESIÓN NEGATIVA-40,Compra menor,9,-206.04178902802596
2023,10,ELIMINADOR DE ADHESIVOS MEDICOS DE LA PIEL-17,Compra menor,288,-5.3969205972935015
2023,10,EQ. DE PRESION NEGATIVA / Espuma de poliuretano con plata-35,Compra menor,15,-178.0334798922106
2023,10,EQ. DE PRESION NEGATIVA / Espuma de poliuretano-32,Compra menor,105,-111.00329472651856
2023,10,EQ. DE PRESION NEGATIVA / Espuma de poliuretano-36,Compra menor,50,-146.82387902339042
2023,10,EQ. DE PRESIÓN NEGATIVA ABDOMINAL-29,Compra menor,9,-174.09151910350602
2023,10,GEL P/ LIMPIEZA  Y DESCONTAMINACION DE HERIDAS-15,Concurso,48,-0.8687284451211781
2023,10,HIDROGEL-37,Compra menor,1220,1108.9262310132717
2023,10,SOLUCION P/ LIMPIEZA Y DESCONTAMINACION DE HERIDAS-16,Concurso,2130,669.1048978028977
2023,11,APOSITO DE FIBRAS DE POLIACRILATO C/PLATA-3,Compra menor,80,158.7615445459403
2023,11,APOSITO DE HIDROFIBRA  / CINTA-18,Compra menor,5,195.97133538071262
2023,11,BOMBA DE UN SOLO USO / TERAPIA PRESIÓN NEGATIVA C/ APOSITO-27,Compra menor,2,-145.57047312896543
2023,11,ELIMINADOR DE ADHESIVOS MEDICOS DE LA PIEL-17,Compra menor,12,-2.9960595951499727
